YEAR,MONTH,DAY,WEEKDAY,HOUR,TEAM1,TEAM2,STADIUM,LOCATION,WINNER
2019,09,30,0,18,SK,한화,대전,대전,SK
2019,09,30,0,18,롯데,LG,잠실,서울,LG
2019,09,29,6,14,키움,롯데,사직,부산,키움
2019,09,29,6,14,삼성,KT,수원,수원,KT
2019,09,29,6,14,SK,한화,대전,대전,SK
2019,09,29,6,14,두산,LG,잠실,서울,두산
2019,09,28,5,17,SK,삼성,대구,대구,삼성
2019,09,28,5,17,NC,KT,수원,수원,KT
2019,09,28,5,17,LG,KIA,광주,광주,KIA
2019,09,28,5,17,한화,두산,잠실,서울,두산
2019,09,27,4,18,SK,삼성,대구,대구,SK
2019,09,27,4,18,NC,LG,잠실,서울,NC
2019,09,26,3,18,두산,삼성,대구,대구,두산
2019,09,26,3,18,LG,KT,수원,수원,LG
2019,09,26,3,18,KIA,롯데,사직,부산,KIA
2019,09,26,3,18,한화,NC,창원,창원,한화
2019,09,25,2,18,삼성,SK,문학,인천,SK
2019,09,25,2,18,두산,롯데,사직,부산,두산
2019,09,25,2,18,한화,NC,창원,창원,한화
2019,09,24,1,18,키움,KIA,광주,광주,KIA
2019,09,24,1,18,삼성,LG,잠실,서울,삼성
2019,09,24,1,18,SK,KT,수원,수원,KT
2019,09,24,1,18,두산,NC,창원,창원,0
2019,09,23,0,18,NC,롯데,사직,부산,NC
2019,09,23,0,18,KIA,KT,수원,수원,KT
2019,09,23,0,18,한화,LG,잠실,서울,한화
2019,09,22,6,14,LG,두산,잠실,서울,LG
2019,09,21,5,17,삼성,KT,수원,수원,삼성
2019,09,21,5,17,KIA,두산,잠실,서울,두산
2019,09,20,4,18,키움,SK,문학,인천,키움
2019,09,20,4,18,삼성,한화,대전,대전,한화
2019,09,20,4,18,KT,롯데,사직,부산,KT
2019,09,20,4,18,KIA,두산,잠실,서울,두산
2019,09,19,3,18,두산,SK,문학,인천,두산
2019,09,19,3,18,LG,NC,창원,창원,NC
2019,09,19,3,18,KIA,삼성,대구,대구,삼성
2019,09,19,3,15,두산,SK,문학,인천,두산
2019,09,18,2,18,NC,SK,문학,인천,NC
2019,09,18,2,18,롯데,KIA,광주,광주,KIA
2019,09,18,2,18,LG,삼성,포항,포항,LG
2019,09,17,1,18,키움,한화,대전,대전,한화
2019,09,17,1,18,NC,KIA,광주,광주,KIA
2019,09,16,0,18,키움,두산,잠실,서울,키움
2019,09,16,0,18,LG,KT,수원,수원,LG
2019,09,16,0,18,한화,삼성,대구,대구,한화
2019,09,15,6,14,삼성,NC,창원,창원,NC
2019,09,15,6,14,두산,LG,잠실,서울,LG
2019,09,15,6,14,롯데,한화,대전,대전,롯데
2019,09,15,6,14,KT,SK,문학,인천,KT
2019,09,14,5,17,키움,KT,수원,수원,KT
2019,09,14,5,17,삼성,NC,창원,창원,NC
2019,09,14,5,17,두산,SK,문학,인천,SK
2019,09,14,5,17,롯데,한화,대전,대전,한화
2019,09,14,5,17,KIA,LG,잠실,서울,LG
2019,09,13,4,14,SK,롯데,사직,부산,롯데
2019,09,13,4,14,NC,KT,수원,수원,NC
2019,09,13,4,14,LG,키움,고척,서울,LG
2019,09,13,4,14,KIA,두산,잠실,서울,두산
2019,09,13,4,14,한화,삼성,대구,대구,한화
2019,09,12,3,17,SK,롯데,사직,부산,SK
2019,09,12,3,17,NC,KT,수원,수원,NC
2019,09,12,3,17,LG,키움,고척,서울,키움
2019,09,12,3,17,KIA,두산,잠실,서울,두산
2019,09,11,2,18,키움,SK,문학,인천,키움
2019,09,11,2,18,NC,두산,잠실,서울,NC
2019,09,11,2,18,LG,한화,청주,청주,한화
2019,09,11,2,18,KT,삼성,대구,대구,삼성
2019,09,11,2,18,KIA,롯데,사직,부산,KIA
2019,09,10,1,18,LG,한화,청주,청주,LG
2019,09,10,1,18,KT,삼성,대구,대구,삼성
2019,09,10,1,18,KIA,롯데,사직,부산,롯데
2019,09,8,6,14,키움,KIA,광주,광주,키움
2019,09,8,6,14,SK,KT,수원,수원,KT
2019,09,8,6,14,두산,LG,잠실,서울,LG
2019,09,8,6,14,NC,삼성,대구,대구,삼성
2019,09,8,6,14,롯데,한화,대전,대전,롯데
2019,09,7,5,17,키움,KIA,광주,광주,키움
2019,09,7,5,17,NC,삼성,대구,대구,NC
2019,09,7,5,17,롯데,한화,대전,대전,한화
2019,09,6,4,19,한화,NC,창원,창원,NC
2019,09,6,4,18,삼성,키움,고척,서울,키움
2019,09,6,4,18,롯데,LG,잠실,서울,LG
2019,09,6,4,18,KIA,KT,수원,수원,KT
2019,09,5,3,18,삼성,키움,고척,서울,삼성
2019,09,5,3,18,한화,NC,창원,창원,한화
2019,09,4,2,18,삼성,롯데,사직,부산,삼성
2019,09,4,2,18,KIA,한화,대전,대전,KIA
2019,09,3,1,18,키움,두산,잠실,서울,키움
2019,09,3,1,18,삼성,롯데,사직,부산,삼성
2019,09,3,1,18,NC,SK,문학,인천,SK
2019,09,3,1,18,LG,KT,수원,수원,LG
2019,09,3,1,18,KIA,한화,대전,대전,KIA
2019,09,1,6,14,키움,NC,창원,창원,NC
2019,09,1,6,14,삼성,두산,잠실,서울,두산
2019,09,1,6,14,롯데,KIA,광주,광주,KIA
2019,09,1,6,14,LG,SK,문학,인천,SK
2019,09,1,6,14,KT,한화,대전,대전,한화
2018,09,30,6,14,SK,삼성,대구,대구,SK
2018,09,30,6,14,NC,키움,고척,서울,키움
2018,09,30,6,14,롯데,KT,수원,수원,롯데
2018,09,30,6,14,LG,두산,잠실,서울,두산
2018,09,30,6,14,한화,KIA,광주,광주,KIA
2018,09,29,5,17,SK,삼성,대구,대구,삼성
2018,09,29,5,17,NC,키움,고척,서울,키움
2018,09,29,5,17,롯데,KT,수원,수원,롯데
2018,09,29,5,17,LG,두산,잠실,서울,두산
2018,09,29,5,17,한화,KIA,광주,광주,KIA
2018,09,28,4,18,두산,한화,대전,대전,한화
2018,09,28,4,18,NC,SK,문학,인천,SK
2018,09,28,4,18,롯데,키움,고척,서울,키움
2018,09,28,4,18,KT,삼성,대구,대구,0
2018,09,28,4,18,KIA,LG,잠실,서울,KIA
2018,09,27,3,18,두산,한화,대전,대전,한화
2018,09,27,3,18,NC,SK,문학,인천,SK
2018,09,27,3,18,롯데,키움,고척,서울,롯데
2018,09,27,3,18,KT,삼성,대구,대구,삼성
2018,09,27,3,18,KIA,LG,잠실,서울,LG
2018,09,26,2,14,키움,두산,잠실,서울,두산
2018,09,26,2,14,삼성,한화,대전,대전,한화
2018,09,26,2,14,NC,롯데,사직,부산,롯데
2018,09,26,2,14,LG,SK,문학,인천,SK
2018,09,26,2,14,KIA,KT,수원,수원,KT
2018,09,25,1,14,키움,두산,잠실,서울,두산
2018,09,25,1,14,삼성,한화,대전,대전,삼성
2018,09,25,1,14,NC,롯데,사직,부산,롯데
2018,09,25,1,14,LG,SK,문학,인천,SK
2018,09,25,1,14,KIA,KT,수원,수원,KIA
2018,09,23,6,14,SK,키움,고척,서울,키움
2018,09,23,6,14,두산,NC,마산,창원,NC
2018,09,23,6,14,롯데,삼성,대구,대구,삼성
2018,09,23,6,14,KT,LG,잠실,서울,LG
2018,09,23,6,14,KIA,한화,대전,대전,한화
2018,09,22,5,17,SK,키움,고척,서울,키움
2018,09,22,5,17,두산,NC,마산,창원,두산
2018,09,22,5,17,롯데,삼성,대구,대구,롯데
2018,09,22,5,17,KT,LG,잠실,서울,KT
2018,09,22,5,17,KIA,한화,대전,대전,KIA
2018,09,21,4,18,삼성,키움,고척,서울,삼성
2018,09,21,4,18,두산,LG,잠실,서울,두산
2018,09,21,4,18,NC,KIA,광주,광주,KIA
2018,09,21,4,18,한화,SK,문학,인천,SK
2018,09,20,3,18,삼성,키움,고척,서울,키움
2018,09,20,3,18,두산,LG,잠실,서울,두산
2018,09,20,3,18,NC,KIA,광주,광주,KIA
2018,09,20,3,18,KT,롯데,사직,부산,롯데
2018,09,20,3,18,한화,SK,문학,인천,한화
2018,09,19,2,18,SK,KT,수원,수원,SK
2018,09,19,2,18,두산,키움,고척,서울,키움
2018,09,19,2,18,롯데,LG,잠실,서울,롯데
2018,09,19,2,18,KIA,삼성,대구,대구,삼성
2018,09,19,2,18,한화,NC,마산,창원,한화
2018,09,18,1,18,SK,KT,수원,수원,KT
2018,09,18,1,18,두산,키움,고척,서울,키움
2018,09,18,1,18,롯데,LG,잠실,서울,롯데
2018,09,18,1,18,KIA,삼성,대구,대구,KIA
2018,09,18,1,18,한화,NC,마산,창원,NC
2018,09,16,6,14,키움,롯데,사직,부산,키움
2018,09,16,6,14,삼성,KT,수원,수원,KT
2018,09,16,6,14,SK,KIA,광주,광주,KIA
2018,09,16,6,14,NC,두산,잠실,서울,두산
2018,09,16,6,14,LG,한화,대전,대전,한화
2018,09,15,5,17,키움,롯데,사직,부산,키움
2018,09,15,5,17,삼성,KT,수원,수원,삼성
2018,09,15,5,17,SK,KIA,광주,광주,KIA
2018,09,15,5,17,NC,두산,잠실,서울,NC
2018,09,15,5,17,LG,한화,대전,대전,LG
2018,09,14,4,18,키움,NC,마산,창원,NC
2018,09,14,4,18,SK,한화,청주,청주,SK
2018,09,14,4,18,LG,삼성,대구,대구,삼성
2018,09,14,4,18,KT,두산,잠실,서울,두산
2018,09,14,4,18,KIA,롯데,사직,부산,KIA
2018,09,13,3,18,SK,한화,청주,청주,SK
2018,09,13,3,18,LG,삼성,대구,대구,LG
2018,09,13,3,18,KT,두산,잠실,서울,두산
2018,09,12,2,18,키움,LG,잠실,서울,LG
2018,09,12,2,18,두산,롯데,사직,부산,두산
2018,09,12,2,18,KT,SK,문학,인천,SK
2018,09,12,2,18,KIA,NC,마산,창원,NC
2018,09,12,2,18,한화,삼성,대구,대구,한화
2018,09,11,1,18,키움,LG,잠실,서울,키움
2018,09,11,1,18,두산,롯데,사직,부산,두산
2018,09,11,1,18,KT,SK,문학,인천,SK
2018,09,11,1,18,KIA,NC,마산,창원,NC
2018,09,11,1,18,한화,삼성,대구,대구,한화
2018,09,9,6,14,삼성,KIA,광주,광주,삼성
2018,09,9,6,14,두산,SK,문학,인천,SK
2018,09,9,6,14,롯데,NC,마산,창원,NC
2018,09,9,6,14,KT,키움,고척,서울,키움
2018,09,9,6,14,한화,LG,잠실,서울,LG
2018,09,8,5,17,삼성,KIA,광주,광주,KIA
2018,09,8,5,17,두산,SK,문학,인천,두산
2018,09,8,5,17,롯데,NC,마산,창원,NC
2018,09,8,5,17,KT,키움,고척,서울,KT
2018,09,8,5,17,한화,LG,잠실,서울,LG
2018,09,7,4,18,키움,KIA,광주,광주,KIA
2018,09,7,4,18,SK,롯데,울산,울산,SK
2018,09,7,4,18,두산,삼성,대구,대구,두산
2018,09,7,4,18,NC,LG,잠실,서울,NC
2018,09,7,4,18,한화,KT,수원,수원,KT
2018,09,6,3,18,키움,KIA,광주,광주,KIA
2018,09,6,3,18,SK,롯데,울산,울산,롯데
2018,09,6,3,18,두산,삼성,대구,대구,두산
2018,09,6,3,18,NC,LG,잠실,서울,LG
2018,09,6,3,18,한화,KT,수원,수원,한화
2018,09,5,2,18,키움,SK,문학,인천,SK
2018,09,5,2,18,삼성,NC,마산,창원,삼성
2018,09,5,2,18,롯데,한화,대전,대전,한화
2018,09,5,2,18,LG,KT,수원,수원,LG
2018,09,5,2,18,KIA,두산,잠실,서울,두산
2018,09,4,1,18,키움,SK,문학,인천,키움
2018,09,4,1,18,삼성,NC,마산,창원,삼성
2018,09,4,1,18,롯데,한화,대전,대전,한화
2018,09,4,1,18,LG,KT,수원,수원,KT
2018,09,4,1,18,KIA,두산,잠실,서울,KIA
2017,09,30,5,17,키움,NC,마산,창원,NC
2017,09,30,5,17,삼성,LG,잠실,서울,LG
2017,09,30,5,17,SK,한화,대전,대전,SK
2017,09,29,4,18,키움,NC,마산,창원,NC
2017,09,29,4,18,두산,LG,잠실,서울,두산
2017,09,29,4,18,롯데,SK,문학,인천,롯데
2017,09,29,4,18,KIA,한화,대전,대전,KIA
2017,09,28,3,18,LG,KT,수원,수원,LG
2017,09,28,3,18,KIA,한화,대전,대전,KIA
2017,09,27,2,18,두산,KT,수원,수원,KT
2017,09,27,2,18,NC,삼성,대구,대구,NC
2017,09,26,1,18,LG,KIA,광주,광주,KIA
2017,09,26,1,18,한화,롯데,사직,부산,롯데
2017,09,24,6,14,LG,NC,마산,창원,NC
2017,09,24,6,14,KT,두산,잠실,서울,두산
2017,09,24,6,14,한화,KIA,광주,광주,한화
2017,09,23,5,17,키움,롯데,사직,부산,롯데
2017,09,23,5,17,삼성,한화,대전,대전,한화
2017,09,23,5,17,LG,NC,마산,창원,LG
2017,09,23,5,17,KT,KIA,광주,광주,KIA
2017,09,22,4,18,두산,KIA,광주,광주,두산
2017,09,22,4,18,롯데,한화,대전,대전,롯데
2017,09,22,4,18,LG,삼성,대구,대구,LG
2017,09,21,3,18,키움,KT,수원,수원,키움
2017,09,21,3,18,LG,삼성,대구,대구,삼성
2017,09,20,2,18,SK,KIA,광주,광주,SK
2017,09,20,2,18,두산,NC,마산,창원,두산
2017,09,20,2,18,한화,LG,잠실,서울,한화
2017,09,19,1,18,SK,KIA,광주,광주,SK
2017,09,19,1,18,두산,롯데,사직,부산,두산
2017,09,19,1,18,KT,LG,잠실,서울,KT
2017,09,17,6,14,키움,NC,마산,창원,키움
2017,09,17,6,14,SK,롯데,사직,부산,롯데
2017,09,17,6,14,두산,삼성,대구,대구,두산
2017,09,17,6,14,KT,KIA,광주,광주,KIA
2017,09,17,6,14,한화,LG,잠실,서울,LG
2017,09,16,5,17,키움,NC,마산,창원,NC
2017,09,16,5,17,SK,롯데,사직,부산,롯데
2017,09,16,5,17,두산,삼성,대구,대구,두산
2017,09,16,5,17,KT,KIA,광주,광주,KIA
2017,09,16,5,17,한화,LG,잠실,서울,한화
2017,09,15,4,18,키움,한화,대전,대전,한화
2017,09,15,4,18,삼성,NC,마산,창원,삼성
2017,09,15,4,18,SK,두산,잠실,서울,SK
2017,09,15,4,18,LG,KT,수원,수원,KT
2017,09,15,4,18,KIA,롯데,사직,부산,롯데
2017,09,14,3,18,키움,한화,대전,대전,한화
2017,09,14,3,18,삼성,NC,마산,창원,0
2017,09,14,3,18,SK,두산,잠실,서울,SK
2017,09,14,3,18,LG,KT,수원,수원,KT
2017,09,14,3,18,KIA,롯데,사직,부산,KIA
2017,09,13,2,18,두산,NC,마산,창원,두산
2017,09,13,2,18,롯데,LG,잠실,서울,LG
2017,09,13,2,18,KT,키움,고척,서울,키움
2017,09,13,2,18,KIA,SK,문학,인천,SK
2017,09,13,2,18,한화,삼성,대구,대구,삼성
2017,09,12,1,18,두산,NC,마산,창원,두산
2017,09,12,1,18,롯데,LG,잠실,서울,롯데
2017,09,12,1,18,KT,키움,고척,서울,KT
2017,09,12,1,18,KIA,SK,문학,인천,KIA
2017,09,12,1,18,한화,삼성,대구,대구,한화
2017,09,10,6,14,키움,SK,문학,인천,SK
2017,09,10,6,14,삼성,KIA,광주,광주,삼성
2017,09,10,6,14,두산,LG,잠실,서울,두산
2017,09,10,6,14,NC,한화,대전,대전,NC
2017,09,10,6,14,롯데,KT,수원,수원,롯데
2017,09,9,5,17,키움,SK,문학,인천,SK
2017,09,9,5,17,삼성,KIA,광주,광주,KIA
2017,09,9,5,17,두산,LG,잠실,서울,LG
2017,09,9,5,17,NC,한화,대전,대전,한화
2017,09,9,5,17,롯데,KT,수원,수원,KT
2017,09,8,4,18,삼성,롯데,사직,부산,롯데
2017,09,8,4,18,SK,NC,마산,창원,NC
2017,09,8,4,18,LG,키움,고척,서울,LG
2017,09,8,4,18,KT,두산,잠실,서울,두산
2017,09,8,4,18,한화,KIA,광주,광주,KIA
2017,09,7,3,18,삼성,롯데,사직,부산,삼성
2017,09,7,3,18,SK,NC,마산,창원,NC
2017,09,7,3,18,LG,키움,고척,서울,0
2017,09,7,3,18,KT,두산,잠실,서울,KT
2017,09,7,3,18,한화,KIA,광주,광주,한화
2017,09,6,2,18,키움,KT,수원,수원,KT
2017,09,6,2,18,두산,한화,대전,대전,두산
2017,09,6,2,18,KIA,LG,잠실,서울,LG
2017,09,5,1,18,키움,KT,수원,수원,KT
2017,09,5,1,18,두산,한화,대전,대전,한화
2017,09,5,1,18,NC,삼성,대구,대구,삼성
2017,09,5,1,18,롯데,SK,문학,인천,SK
2017,09,5,1,18,KIA,LG,잠실,서울,LG
2017,09,3,6,14,삼성,두산,잠실,서울,두산
2017,09,3,6,14,SK,KT,수원,수원,KT
2017,09,3,6,14,LG,NC,마산,창원,NC
2017,09,3,6,14,KIA,키움,고척,서울,키움
2017,09,3,6,14,한화,롯데,사직,부산,롯데
2017,09,2,5,17,삼성,두산,잠실,서울,삼성
2017,09,2,5,17,SK,KT,수원,수원,SK
2017,09,2,5,17,LG,NC,마산,창원,NC
2017,09,2,5,17,KIA,키움,고척,서울,KIA
2017,09,2,5,17,한화,롯데,사직,부산,롯데
2017,09,1,4,18,키움,LG,잠실,서울,LG
2017,09,1,4,18,삼성,SK,문학,인천,SK
2017,09,1,4,18,두산,KIA,광주,광주,KIA
2017,09,1,4,18,NC,롯데,사직,부산,롯데
2017,09,1,4,18,KT,한화,대전,대전,KT
2019,08,31,5,18,키움,NC,창원,창원,키움
2019,08,31,5,18,삼성,두산,잠실,서울,두산
2019,08,31,5,18,롯데,KIA,광주,광주,KIA
2019,08,31,5,18,LG,SK,문학,인천,LG
2019,08,31,5,18,KT,한화,대전,대전,KT
2019,08,30,4,19,KIA,NC,창원,창원,KIA
2019,08,30,4,18,SK,삼성,대구,대구,SK
2019,08,30,4,18,두산,KT,수원,수원,두산
2019,08,30,4,18,롯데,키움,고척,서울,키움
2019,08,30,4,18,한화,LG,잠실,서울,한화
2019,08,29,3,18,SK,삼성,대구,대구,삼성
2019,08,29,3,18,두산,KT,수원,수원,KT
2019,08,29,3,18,롯데,키움,고척,서울,키움
2019,08,29,3,18,KIA,NC,창원,창원,NC
2019,08,28,2,18,키움,한화,청주,청주,한화
2019,08,28,2,18,삼성,KIA,광주,광주,KIA
2019,08,28,2,18,SK,두산,잠실,서울,두산
2019,08,28,2,18,LG,롯데,울산,울산,롯데
2019,08,28,2,18,KT,NC,창원,창원,KT
2019,08,27,1,18,키움,한화,청주,청주,키움
2019,08,27,1,18,삼성,KIA,광주,광주,삼성
2019,08,27,1,18,SK,두산,잠실,서울,두산
2019,08,27,1,18,LG,롯데,울산,울산,LG
2019,08,27,1,18,KT,NC,창원,창원,NC
2019,08,25,6,18,NC,롯데,사직,부산,롯데
2019,08,25,6,17,키움,삼성,대구,대구,키움
2019,08,25,6,17,두산,한화,대전,대전,두산
2019,08,25,6,17,KT,LG,잠실,서울,KT
2019,08,25,6,17,KIA,SK,문학,인천,KIA
2019,08,24,5,18,키움,삼성,대구,대구,삼성
2019,08,24,5,18,두산,한화,대전,대전,두산
2019,08,24,5,18,NC,롯데,사직,부산,NC
2019,08,24,5,18,KT,LG,잠실,서울,LG
2019,08,24,5,18,KIA,SK,문학,인천,SK
2019,08,23,4,18,두산,삼성,대구,대구,두산
2019,08,23,4,18,NC,LG,잠실,서울,LG
2019,08,23,4,18,롯데,KT,수원,수원,0
2019,08,23,4,18,KIA,키움,고척,서울,키움
2019,08,23,4,18,한화,SK,문학,인천,SK
2019,08,22,3,18,두산,삼성,대구,대구,두산
2019,08,22,3,18,NC,LG,잠실,서울,NC
2019,08,22,3,18,롯데,KT,수원,수원,KT
2019,08,22,3,18,KIA,키움,고척,서울,0
2019,08,22,3,18,한화,SK,문학,인천,SK
2019,08,21,2,18,키움,KT,수원,수원,키움
2019,08,21,2,18,롯데,SK,문학,인천,SK
2019,08,21,2,18,KIA,LG,잠실,서울,LG
2019,08,20,1,18,키움,KT,수원,수원,KT
2019,08,20,1,18,삼성,한화,대전,대전,삼성
2019,08,20,1,18,두산,NC,창원,창원,NC
2019,08,20,1,18,롯데,SK,문학,인천,SK
2019,08,20,1,18,KIA,LG,잠실,서울,LG
2019,08,18,6,17,SK,NC,창원,창원,NC
2019,08,18,6,17,롯데,두산,잠실,서울,두산
2019,08,18,6,17,LG,삼성,대구,대구,LG
2019,08,18,6,17,KT,KIA,광주,광주,KT
2019,08,18,6,17,한화,키움,고척,서울,한화
2019,08,17,5,18,SK,NC,창원,창원,NC
2019,08,17,5,18,롯데,두산,잠실,서울,두산
2019,08,17,5,18,LG,삼성,대구,대구,삼성
2019,08,17,5,18,KT,KIA,광주,광주,KT
2019,08,17,5,18,한화,키움,고척,서울,한화
2019,08,16,4,18,삼성,KT,수원,수원,KT
2019,08,16,4,18,SK,KIA,광주,광주,KIA
2019,08,16,4,18,NC,키움,고척,서울,키움
2019,08,16,4,18,LG,두산,잠실,서울,두산
2019,08,16,4,18,한화,롯데,사직,부산,한화
2019,08,15,3,18,한화,롯데,사직,부산,롯데
2019,08,15,3,17,SK,KIA,광주,광주,SK
2019,08,15,3,17,NC,키움,고척,서울,키움
2019,08,14,2,18,키움,LG,잠실,서울,키움
2019,08,14,2,18,두산,KIA,광주,광주,KIA
2019,08,14,2,18,NC,한화,대전,대전,한화
2019,08,14,2,18,KT,롯데,사직,부산,KT
2019,08,13,1,18,키움,LG,잠실,서울,LG
2019,08,13,1,18,삼성,SK,문학,인천,SK
2019,08,13,1,18,두산,KIA,광주,광주,두산
2019,08,13,1,18,NC,한화,대전,대전,NC
2019,08,13,1,18,KT,롯데,사직,부산,롯데
2019,08,11,6,17,SK,LG,잠실,서울,LG
2019,08,11,6,17,두산,키움,고척,서울,두산
2019,08,11,6,17,롯데,NC,창원,창원,NC
2019,08,11,6,17,KIA,삼성,대구,대구,삼성
2019,08,11,6,17,한화,KT,수원,수원,한화
2019,08,10,5,18,SK,LG,잠실,서울,SK
2019,08,10,5,18,두산,키움,고척,서울,키움
2019,08,10,5,18,롯데,NC,창원,창원,NC
2019,08,10,5,18,KIA,삼성,대구,대구,KIA
2019,08,10,5,18,한화,KT,수원,수원,KT
2019,08,9,4,19,LG,NC,창원,창원,LG
2019,08,9,4,18,SK,키움,고척,서울,키움
2019,08,9,4,18,롯데,삼성,대구,대구,롯데
2019,08,9,4,18,KT,두산,잠실,서울,두산
2019,08,9,4,18,한화,KIA,광주,광주,KIA
2019,08,8,3,18,SK,키움,고척,서울,SK
2019,08,8,3,18,롯데,삼성,대구,대구,롯데
2019,08,8,3,18,LG,NC,창원,창원,NC
2019,08,8,3,18,KT,두산,잠실,서울,두산
2019,08,8,3,18,한화,KIA,광주,광주,KIA
2019,08,7,2,18,키움,롯데,울산,울산,키움
2019,08,7,2,18,삼성,NC,창원,창원,NC
2019,08,7,2,18,LG,KIA,광주,광주,KIA
2019,08,7,2,18,KT,SK,문학,인천,SK
2019,08,7,2,18,한화,두산,잠실,서울,한화
2019,08,6,1,18,LG,KIA,광주,광주,LG
2019,08,6,1,18,KT,SK,문학,인천,KT
2019,08,6,1,18,한화,두산,잠실,서울,두산
2019,08,4,6,18,두산,롯데,사직,부산,롯데
2019,08,4,6,17,삼성,LG,잠실,서울,삼성
2019,08,4,6,17,SK,한화,대전,대전,한화
2019,08,4,6,17,NC,KIA,광주,광주,KIA
2019,08,4,6,17,KT,키움,고척,서울,KT
2019,08,3,5,18,삼성,LG,잠실,서울,LG
2019,08,3,5,18,SK,한화,대전,대전,SK
2019,08,3,5,18,두산,롯데,사직,부산,롯데
2019,08,3,5,18,NC,KIA,광주,광주,KIA
2019,08,3,5,18,KT,키움,고척,서울,KT
2019,08,1,3,18,키움,LG,잠실,서울,LG
2019,08,1,3,18,두산,NC,창원,창원,두산
2019,08,1,3,18,롯데,삼성,대구,대구,롯데
2019,08,1,3,18,KIA,SK,문학,인천,SK
2019,08,1,3,18,한화,KT,수원,수원,한화
2018,08,16,3,18,키움,두산,잠실,서울,두산
2018,08,16,3,18,NC,KT,수원,수원,KT
2018,08,16,3,18,LG,SK,문학,인천,LG
2018,08,16,3,18,KIA,롯데,사직,부산,롯데
2018,08,16,3,18,한화,삼성,대구,대구,삼성
2018,08,15,2,18,키움,삼성,대구,대구,키움
2018,08,15,2,18,SK,두산,잠실,서울,SK
2018,08,15,2,18,NC,KT,수원,수원,NC
2018,08,15,2,18,LG,KIA,광주,광주,LG
2018,08,14,1,18,키움,삼성,대구,대구,키움
2018,08,14,1,18,SK,두산,잠실,서울,두산
2018,08,14,1,18,NC,KT,수원,수원,KT
2018,08,14,1,18,LG,KIA,광주,광주,KIA
2018,08,14,1,18,한화,롯데,사직,부산,롯데
2018,08,12,6,18,NC,삼성,대구,대구,삼성
2018,08,12,6,18,롯데,두산,잠실,서울,롯데
2018,08,12,6,18,LG,키움,고척,서울,키움
2018,08,12,6,18,KT,한화,대전,대전,한화
2018,08,12,6,18,KIA,SK,문학,인천,KIA
2018,08,11,5,18,NC,삼성,대구,대구,NC
2018,08,11,5,18,롯데,두산,잠실,서울,두산
2018,08,11,5,18,LG,키움,고척,서울,키움
2018,08,11,5,18,KT,한화,대전,대전,한화
2018,08,11,5,18,KIA,SK,문학,인천,KIA
2018,08,10,4,18,키움,한화,청주,청주,키움
2018,08,10,4,18,삼성,LG,잠실,서울,LG
2018,08,10,4,18,SK,NC,마산,창원,SK
2018,08,10,4,18,두산,KT,수원,수원,KT
2018,08,9,3,18,키움,한화,청주,청주,키움
2018,08,9,3,18,삼성,LG,잠실,서울,삼성
2018,08,9,3,18,SK,NC,마산,창원,NC
2018,08,9,3,18,두산,KT,수원,수원,두산
2018,08,9,3,18,롯데,KIA,광주,광주,롯데
2018,08,8,2,18,삼성,SK,문학,인천,SK
2018,08,8,2,18,LG,롯데,울산,울산,롯데
2018,08,8,2,18,KT,NC,마산,창원,NC
2018,08,8,2,18,KIA,키움,고척,서울,키움
2018,08,8,2,18,한화,두산,잠실,서울,한화
2018,08,7,1,18,삼성,SK,문학,인천,삼성
2018,08,7,1,18,LG,롯데,울산,울산,롯데
2018,08,7,1,18,KT,NC,마산,창원,KT
2018,08,7,1,18,KIA,키움,고척,서울,키움
2018,08,7,1,18,한화,두산,잠실,서울,두산
2018,08,5,6,18,키움,KT,수원,수원,키움
2018,08,5,6,18,삼성,롯데,사직,부산,삼성
2018,08,5,6,18,SK,LG,잠실,서울,SK
2018,08,5,6,18,두산,KIA,광주,광주,KIA
2018,08,5,6,18,NC,한화,대전,대전,NC
2018,08,4,5,18,키움,KT,수원,수원,키움
2018,08,4,5,18,삼성,롯데,사직,부산,롯데
2018,08,4,5,18,SK,LG,잠실,서울,SK
2018,08,4,5,18,두산,KIA,광주,광주,KIA
2018,08,4,5,18,NC,한화,대전,대전,NC
2018,08,2,3,18,키움,SK,문학,인천,키움
2018,08,2,3,18,NC,삼성,대구,대구,삼성
2018,08,2,3,18,롯데,KIA,광주,광주,롯데
2018,08,2,3,18,LG,두산,잠실,서울,두산
2018,08,2,3,18,KT,한화,대전,대전,한화
2018,08,1,2,18,키움,SK,문학,인천,SK
2018,08,1,2,18,NC,삼성,대구,대구,NC
2018,08,1,2,18,롯데,KIA,광주,광주,KIA
2018,08,1,2,18,LG,두산,잠실,서울,두산
2018,08,1,2,18,KT,한화,대전,대전,한화
2017,08,31,3,18,키움,LG,잠실,서울,키움
2017,08,31,3,18,삼성,SK,문학,인천,SK
2017,08,31,3,18,두산,KIA,광주,광주,KIA
2017,08,31,3,18,NC,롯데,사직,부산,롯데
2017,08,31,3,18,KT,한화,대전,대전,한화
2017,08,30,2,18,SK,키움,고척,서울,키움
2017,08,30,2,18,NC,KT,수원,수원,KT
2017,08,30,2,18,롯데,두산,잠실,서울,롯데
2017,08,30,2,18,LG,한화,대전,대전,LG
2017,08,30,2,18,KIA,삼성,대구,대구,KIA
2017,08,29,1,18,SK,키움,고척,서울,키움
2017,08,29,1,18,NC,KT,수원,수원,NC
2017,08,29,1,18,롯데,두산,잠실,서울,두산
2017,08,29,1,18,LG,한화,대전,대전,한화
2017,08,29,1,18,KIA,삼성,대구,대구,KIA
2017,08,27,6,18,키움,롯데,사직,부산,키움
2017,08,27,6,18,LG,두산,잠실,서울,0
2017,08,27,6,18,KT,삼성,대구,대구,KT
2017,08,27,6,18,KIA,NC,마산,창원,NC
2017,08,27,6,18,한화,SK,문학,인천,SK
2017,08,26,5,18,키움,롯데,사직,부산,롯데
2017,08,26,5,18,LG,두산,잠실,서울,두산
2017,08,26,5,18,KT,삼성,대구,대구,삼성
2017,08,26,5,18,KIA,NC,마산,창원,KIA
2017,08,26,5,18,한화,SK,문학,인천,SK
2017,08,25,4,18,키움,두산,잠실,서울,두산
2017,08,25,4,18,SK,삼성,대구,대구,SK
2017,08,25,4,18,LG,롯데,사직,부산,롯데
2017,08,25,4,18,KT,NC,마산,창원,NC
2017,08,25,4,18,KIA,한화,대전,대전,한화
2017,08,24,3,18,키움,두산,잠실,서울,두산
2017,08,24,3,18,SK,삼성,대구,대구,SK
2017,08,24,3,18,LG,롯데,사직,부산,롯데
2017,08,24,3,18,KT,NC,마산,창원,NC
2017,08,23,2,18,삼성,키움,고척,서울,키움
2017,08,23,2,18,두산,SK,문학,인천,두산
2017,08,23,2,18,NC,LG,잠실,서울,LG
2017,08,23,2,18,롯데,KIA,광주,광주,롯데
2017,08,23,2,18,한화,KT,수원,수원,한화
2017,08,22,1,18,삼성,키움,고척,서울,키움
2017,08,22,1,18,두산,SK,문학,인천,두산
2017,08,22,1,18,NC,LG,잠실,서울,NC
2017,08,22,1,18,롯데,KIA,광주,광주,롯데
2017,08,22,1,18,한화,KT,수원,수원,한화
2017,08,20,6,18,두산,KT,수원,수원,KT
2017,08,20,6,18,NC,키움,고척,서울,NC
2017,08,20,6,18,롯데,한화,대전,대전,롯데
2017,08,19,5,18,삼성,LG,잠실,서울,LG
2017,08,19,5,18,SK,KIA,광주,광주,SK
2017,08,19,5,18,두산,KT,수원,수원,두산
2017,08,19,5,18,NC,키움,고척,서울,키움
2017,08,19,5,18,롯데,한화,대전,대전,한화
2017,08,18,4,18,삼성,KT,수원,수원,삼성
2017,08,18,4,18,롯데,키움,고척,서울,롯데
2017,08,18,4,18,LG,SK,문학,인천,SK
2017,08,18,4,18,KIA,두산,잠실,서울,두산
2017,08,18,4,18,한화,NC,마산,창원,한화
2017,08,17,3,18,삼성,KT,수원,수원,삼성
2017,08,17,3,18,롯데,키움,고척,서울,롯데
2017,08,17,3,18,LG,SK,문학,인천,SK
2017,08,17,3,18,KIA,두산,잠실,서울,두산
2017,08,17,3,18,한화,NC,마산,창원,NC
2017,08,16,2,18,키움,삼성,대구,대구,키움
2017,08,16,2,18,SK,한화,대전,대전,한화
2017,08,16,2,18,두산,롯데,사직,부산,롯데
2017,08,16,2,18,NC,KIA,광주,광주,KIA
2017,08,16,2,18,KT,LG,잠실,서울,LG
2017,08,15,1,18,두산,롯데,사직,부산,롯데
2017,08,15,1,18,NC,KIA,광주,광주,KIA
2017,08,13,6,18,NC,두산,잠실,서울,두산
2017,08,13,6,18,롯데,삼성,대구,대구,롯데
2017,08,13,6,18,KT,SK,문학,인천,KT
2017,08,13,6,18,한화,키움,고척,서울,키움
2017,08,12,5,18,NC,두산,잠실,서울,두산
2017,08,12,5,18,롯데,삼성,대구,대구,삼성
2017,08,12,5,18,LG,KIA,광주,광주,KIA
2017,08,12,5,18,KT,SK,문학,인천,SK
2017,08,12,5,18,한화,키움,고척,서울,한화
2017,08,11,4,18,삼성,한화,대전,대전,한화
2017,08,11,4,18,SK,LG,잠실,서울,LG
2017,08,11,4,18,두산,키움,고척,서울,키움
2017,08,11,4,18,롯데,NC,마산,창원,롯데
2017,08,11,4,18,KIA,KT,수원,수원,KT
2017,08,10,3,18,SK,LG,잠실,서울,SK
2017,08,10,3,18,두산,키움,고척,서울,두산
2017,08,10,3,18,롯데,NC,마산,창원,NC
2017,08,9,2,18,키움,KIA,광주,광주,KIA
2017,08,9,2,18,NC,SK,문학,인천,NC
2017,08,9,2,18,LG,삼성,대구,대구,삼성
2017,08,9,2,18,KT,롯데,사직,부산,롯데
2017,08,9,2,18,한화,두산,잠실,서울,한화
2017,08,8,1,18,키움,KIA,광주,광주,키움
2017,08,8,1,18,NC,SK,문학,인천,SK
2017,08,8,1,18,LG,삼성,대구,대구,LG
2017,08,8,1,18,KT,롯데,사직,부산,롯데
2017,08,8,1,18,한화,두산,잠실,서울,두산
2017,08,6,6,18,키움,롯데,사직,부산,롯데
2017,08,6,6,18,삼성,NC,마산,창원,NC
2017,08,6,6,18,SK,KT,수원,수원,KT
2017,08,6,6,18,두산,LG,잠실,서울,두산
2017,08,5,5,18,키움,롯데,사직,부산,롯데
2017,08,5,5,18,삼성,NC,마산,창원,삼성
2017,08,5,5,18,SK,KT,수원,수원,KT
2017,08,5,5,18,두산,LG,잠실,서울,두산
2017,08,5,5,18,KIA,한화,대전,대전,KIA
2017,08,4,4,18,키움,롯데,사직,부산,롯데
2017,08,4,4,18,삼성,NC,마산,창원,삼성
2017,08,4,4,18,SK,KT,수원,수원,SK
2017,08,4,4,18,두산,LG,잠실,서울,두산
2017,08,4,4,18,KIA,한화,대전,대전,한화
2017,08,3,3,18,SK,키움,고척,서울,키움
2017,08,3,3,18,두산,삼성,대구,대구,두산
2017,08,3,3,18,롯데,LG,잠실,서울,LG
2017,08,3,3,18,KT,KIA,광주,광주,KIA
2017,08,3,3,18,한화,NC,마산,창원,NC
2017,08,2,2,18,SK,키움,고척,서울,키움
2017,08,2,2,18,두산,삼성,대구,대구,두산
2017,08,2,2,18,롯데,LG,잠실,서울,LG
2017,08,2,2,18,한화,NC,마산,창원,한화
2017,08,1,1,18,SK,키움,고척,서울,키움
2017,08,1,1,18,두산,삼성,대구,대구,두산
2017,08,1,1,18,롯데,LG,잠실,서울,LG
2017,08,1,1,18,KT,KIA,광주,광주,KT
2017,08,1,1,18,한화,NC,마산,창원,NC
2019,07,31,2,18,키움,LG,잠실,서울,키움
2019,07,31,2,18,두산,NC,창원,창원,NC
2019,07,31,2,18,롯데,삼성,대구,대구,롯데
2019,07,31,2,18,KIA,SK,문학,인천,KIA
2019,07,31,2,18,한화,KT,수원,수원,한화
2019,07,30,1,18,키움,LG,잠실,서울,키움
2019,07,30,1,18,두산,NC,창원,창원,두산
2019,07,30,1,18,롯데,삼성,대구,대구,삼성
2019,07,30,1,18,KIA,SK,문학,인천,KIA
2019,07,30,1,18,한화,KT,수원,수원,KT
2019,07,28,6,18,SK,롯데,사직,부산,SK
2019,07,28,6,18,NC,키움,고척,서울,NC
2019,07,28,6,18,LG,KT,수원,수원,LG
2019,07,28,6,18,한화,삼성,대구,대구,삼성
2019,07,27,5,18,SK,롯데,사직,부산,SK
2019,07,27,5,18,NC,키움,고척,서울,키움
2019,07,27,5,18,LG,KT,수원,수원,LG
2019,07,27,5,18,KIA,두산,잠실,서울,두산
2019,07,27,5,18,한화,삼성,대구,대구,삼성
2019,07,26,4,19,SK,롯데,사직,부산,SK
2019,07,26,4,18,NC,키움,고척,서울,키움
2019,07,26,4,18,한화,삼성,대구,대구,삼성
2019,07,18,3,18,삼성,키움,고척,서울,키움
2019,07,18,3,18,NC,한화,청주,청주,NC
2019,07,18,3,18,롯데,KIA,광주,광주,롯데
2019,07,18,3,18,LG,SK,문학,인천,LG
2019,07,18,3,18,KT,두산,잠실,서울,KT
2019,07,17,2,18,삼성,키움,고척,서울,키움
2019,07,17,2,18,NC,한화,청주,청주,NC
2019,07,17,2,18,롯데,KIA,광주,광주,KIA
2019,07,17,2,18,LG,SK,문학,인천,SK
2019,07,17,2,18,KT,두산,잠실,서울,KT
2019,07,16,1,18,삼성,키움,고척,서울,키움
2019,07,16,1,18,NC,한화,청주,청주,NC
2019,07,16,1,18,LG,SK,문학,인천,SK
2019,07,16,1,18,KT,두산,잠실,서울,KT
2019,07,14,6,18,키움,SK,문학,인천,SK
2019,07,14,6,18,삼성,LG,잠실,서울,LG
2019,07,14,6,18,두산,롯데,사직,부산,두산
2019,07,14,6,18,KT,NC,창원,창원,KT
2019,07,14,6,18,한화,KIA,광주,광주,KIA
2019,07,13,5,18,키움,SK,문학,인천,SK
2019,07,13,5,18,삼성,LG,잠실,서울,LG
2019,07,13,5,18,두산,롯데,사직,부산,두산
2019,07,13,5,18,KT,NC,창원,창원,KT
2019,07,13,5,18,한화,KIA,광주,광주,한화
2019,07,12,4,19,두산,롯데,사직,부산,롯데
2019,07,12,4,19,KT,NC,창원,창원,NC
2019,07,12,4,18,키움,SK,문학,인천,키움
2019,07,12,4,18,삼성,LG,잠실,서울,삼성
2019,07,12,4,18,한화,KIA,광주,광주,KIA
2019,07,11,3,18,키움,KT,수원,수원,키움
2019,07,11,3,18,SK,한화,대전,대전,SK
2019,07,11,3,18,두산,LG,잠실,서울,두산
2019,07,11,3,18,NC,롯데,사직,부산,NC
2019,07,11,3,18,KIA,삼성,대구,대구,삼성
2019,07,9,1,18,키움,KT,수원,수원,키움
2019,07,9,1,18,SK,한화,대전,대전,한화
2019,07,9,1,18,두산,LG,잠실,서울,두산
2019,07,9,1,18,NC,롯데,사직,부산,롯데
2019,07,9,1,18,KIA,삼성,대구,대구,삼성
2019,07,7,6,18,삼성,NC,창원,창원,삼성
2019,07,7,6,18,SK,두산,잠실,서울,두산
2019,07,7,6,18,롯데,키움,고척,서울,키움
2019,07,7,6,18,LG,KIA,광주,광주,LG
2019,07,7,6,18,KT,한화,대전,대전,KT
2019,07,6,5,18,삼성,NC,창원,창원,0
2019,07,6,5,18,SK,두산,잠실,서울,SK
2019,07,6,5,18,롯데,키움,고척,서울,키움
2019,07,6,5,18,LG,KIA,광주,광주,KIA
2019,07,6,5,18,KT,한화,대전,대전,한화
2019,07,5,4,19,삼성,NC,창원,창원,NC
2019,07,5,4,18,SK,두산,잠실,서울,SK
2019,07,5,4,18,롯데,키움,고척,서울,키움
2019,07,5,4,18,LG,KIA,광주,광주,KIA
2019,07,5,4,18,KT,한화,대전,대전,KT
2019,07,4,3,18,삼성,KT,수원,수원,KT
2019,07,4,3,18,두산,키움,고척,서울,두산
2019,07,4,3,18,NC,KIA,광주,광주,NC
2019,07,4,3,18,롯데,SK,문학,인천,SK
2019,07,4,3,18,한화,LG,잠실,서울,LG
2019,07,3,2,18,삼성,KT,수원,수원,KT
2019,07,3,2,18,두산,키움,고척,서울,두산
2019,07,3,2,18,NC,KIA,광주,광주,NC
2019,07,3,2,18,롯데,SK,문학,인천,SK
2019,07,3,2,18,한화,LG,잠실,서울,LG
2019,07,2,1,18,삼성,KT,수원,수원,KT
2019,07,2,1,18,두산,키움,고척,서울,키움
2019,07,2,1,18,NC,KIA,광주,광주,KIA
2019,07,2,1,18,롯데,SK,문학,인천,SK
2019,07,2,1,18,한화,LG,잠실,서울,LG
2018,07,31,1,18,키움,SK,문학,인천,키움
2018,07,31,1,18,NC,삼성,대구,대구,0
2018,07,31,1,18,롯데,KIA,광주,광주,KIA
2018,07,31,1,18,LG,두산,잠실,서울,두산
2018,07,31,1,18,KT,한화,대전,대전,KT
2018,07,29,6,18,SK,NC,마산,창원,NC
2018,07,29,6,18,롯데,키움,고척,서울,롯데
2018,07,29,6,18,LG,KT,수원,수원,LG
2018,07,29,6,18,KIA,삼성,대구,대구,삼성
2018,07,29,6,18,한화,두산,잠실,서울,두산
2018,07,28,5,18,SK,NC,마산,창원,SK
2018,07,28,5,18,롯데,키움,고척,서울,롯데
2018,07,28,5,18,LG,KT,수원,수원,KT
2018,07,28,5,18,KIA,삼성,대구,대구,삼성
2018,07,28,5,18,한화,두산,잠실,서울,두산
2018,07,27,4,18,SK,NC,마산,창원,NC
2018,07,27,4,18,롯데,키움,고척,서울,롯데
2018,07,27,4,18,LG,KT,수원,수원,KT
2018,07,27,4,18,KIA,삼성,대구,대구,삼성
2018,07,27,4,18,한화,두산,잠실,서울,한화
2018,07,26,3,18,삼성,LG,잠실,서울,LG
2018,07,26,3,18,두산,SK,문학,인천,SK
2018,07,26,3,18,NC,롯데,사직,부산,롯데
2018,07,26,3,18,KT,키움,고척,서울,KT
2018,07,26,3,18,KIA,한화,대전,대전,한화
2018,07,25,2,18,삼성,LG,잠실,서울,삼성
2018,07,25,2,18,두산,SK,문학,인천,SK
2018,07,25,2,18,NC,롯데,사직,부산,NC
2018,07,25,2,18,KT,키움,고척,서울,키움
2018,07,25,2,18,KIA,한화,대전,대전,KIA
2018,07,24,1,18,삼성,LG,잠실,서울,삼성
2018,07,24,1,18,두산,SK,문학,인천,SK
2018,07,24,1,18,NC,롯데,사직,부산,NC
2018,07,24,1,18,KT,키움,고척,서울,KT
2018,07,24,1,18,KIA,한화,대전,대전,한화
2018,07,22,6,18,키움,NC,마산,창원,키움
2018,07,22,6,18,SK,롯데,사직,부산,롯데
2018,07,22,6,18,두산,LG,잠실,서울,두산
2018,07,22,6,18,KT,KIA,광주,광주,KT
2018,07,22,6,18,한화,삼성,대구,대구,삼성
2018,07,21,5,18,키움,NC,마산,창원,키움
2018,07,21,5,18,SK,롯데,사직,부산,SK
2018,07,21,5,18,두산,LG,잠실,서울,두산
2018,07,21,5,18,KT,KIA,광주,광주,KIA
2018,07,21,5,18,한화,삼성,대구,대구,삼성
2018,07,20,4,18,키움,NC,마산,창원,NC
2018,07,20,4,18,SK,롯데,사직,부산,SK
2018,07,20,4,18,두산,LG,잠실,서울,두산
2018,07,20,4,18,KT,KIA,광주,광주,KIA
2018,07,20,4,18,한화,삼성,대구,대구,한화
2018,07,19,3,18,삼성,KIA,광주,광주,삼성
2018,07,19,3,18,NC,SK,문학,인천,SK
2018,07,19,3,18,롯데,두산,잠실,서울,두산
2018,07,19,3,18,LG,키움,고척,서울,LG
2018,07,19,3,18,한화,KT,수원,수원,KT
2018,07,18,2,18,삼성,KIA,광주,광주,삼성
2018,07,18,2,18,NC,SK,문학,인천,NC
2018,07,18,2,18,롯데,두산,잠실,서울,두산
2018,07,18,2,18,LG,키움,고척,서울,LG
2018,07,18,2,18,한화,KT,수원,수원,KT
2018,07,17,1,18,삼성,KIA,광주,광주,KIA
2018,07,17,1,18,NC,SK,문학,인천,SK
2018,07,17,1,18,롯데,두산,잠실,서울,롯데
2018,07,17,1,18,LG,키움,고척,서울,LG
2018,07,17,1,18,한화,KT,수원,수원,한화
2018,07,14,5,18,나눔,드림,울산,울산,나눔
2018,07,12,3,18,키움,한화,대전,대전,한화
2018,07,12,3,18,SK,LG,잠실,서울,SK
2018,07,12,3,18,두산,KT,수원,수원,KT
2018,07,12,3,18,롯데,삼성,포항,포항,삼성
2018,07,12,3,18,KIA,NC,마산,창원,NC
2018,07,11,2,18,키움,한화,대전,대전,키움
2018,07,11,2,18,SK,LG,잠실,서울,LG
2018,07,11,2,18,두산,KT,수원,수원,두산
2018,07,11,2,18,롯데,삼성,포항,포항,삼성
2018,07,11,2,18,KIA,NC,마산,창원,NC
2018,07,10,1,18,키움,한화,대전,대전,한화
2018,07,10,1,18,SK,LG,잠실,서울,SK
2018,07,10,1,18,두산,KT,수원,수원,KT
2018,07,10,1,18,롯데,삼성,포항,포항,삼성
2018,07,10,1,18,KIA,NC,마산,창원,NC
2018,07,8,6,18,삼성,두산,잠실,서울,삼성
2018,07,8,6,18,NC,키움,고척,서울,NC
2018,07,8,6,18,LG,KIA,광주,광주,LG
2018,07,8,6,18,KT,롯데,사직,부산,롯데
2018,07,8,6,18,한화,SK,문학,인천,한화
2018,07,7,5,18,삼성,두산,잠실,서울,두산
2018,07,7,5,18,NC,키움,고척,서울,키움
2018,07,7,5,18,LG,KIA,광주,광주,LG
2018,07,7,5,18,KT,롯데,사직,부산,KT
2018,07,7,5,18,한화,SK,문학,인천,SK
2018,07,6,4,18,삼성,두산,잠실,서울,두산
2018,07,6,4,18,NC,키움,고척,서울,키움
2018,07,6,4,18,LG,KIA,광주,광주,KIA
2018,07,6,4,18,KT,롯데,사직,부산,롯데
2018,07,6,4,18,한화,SK,문학,인천,SK
2018,07,5,3,18,삼성,KT,수원,수원,0
2018,07,5,3,18,SK,키움,고척,서울,키움
2018,07,5,3,18,두산,롯데,사직,부산,두산
2018,07,5,3,18,NC,LG,잠실,서울,NC
2018,07,5,3,18,한화,KIA,광주,광주,한화
2018,07,4,2,18,삼성,KT,수원,수원,KT
2018,07,4,2,18,SK,키움,고척,서울,키움
2018,07,4,2,18,두산,롯데,사직,부산,두산
2018,07,4,2,18,NC,LG,잠실,서울,LG
2018,07,4,2,18,한화,KIA,광주,광주,KIA
2018,07,3,1,18,SK,키움,고척,서울,SK
2018,07,3,1,18,NC,LG,잠실,서울,NC
2018,07,3,1,18,한화,KIA,광주,광주,KIA
2018,07,1,6,18,키움,삼성,대구,대구,키움
2017,07,30,6,18,삼성,키움,고척,서울,키움
2017,07,30,6,18,NC,KT,수원,수원,NC
2017,07,30,6,18,롯데,SK,문학,인천,롯데
2017,07,30,6,18,LG,한화,대전,대전,LG
2017,07,30,6,18,KIA,두산,잠실,서울,두산
2017,07,29,5,18,삼성,키움,고척,서울,키움
2017,07,29,5,18,NC,KT,수원,수원,KT
2017,07,29,5,18,롯데,SK,문학,인천,SK
2017,07,29,5,18,LG,한화,대전,대전,LG
2017,07,29,5,18,KIA,두산,잠실,서울,KIA
2017,07,28,4,18,삼성,키움,고척,서울,삼성
2017,07,28,4,18,NC,KT,수원,수원,NC
2017,07,28,4,18,롯데,SK,문학,인천,SK
2017,07,28,4,18,LG,한화,대전,대전,한화
2017,07,28,4,18,KIA,두산,잠실,서울,0
2017,07,27,3,18,키움,LG,잠실,서울,LG
2017,07,27,3,18,SK,KIA,광주,광주,KIA
2017,07,27,3,18,두산,KT,수원,수원,두산
2017,07,27,3,18,NC,삼성,대구,대구,NC
2017,07,27,3,18,한화,롯데,사직,부산,한화
2017,07,26,2,18,키움,LG,잠실,서울,LG
2017,07,26,2,18,SK,KIA,광주,광주,KIA
2017,07,26,2,18,두산,KT,수원,수원,두산
2017,07,26,2,18,NC,삼성,대구,대구,삼성
2017,07,26,2,18,한화,롯데,사직,부산,롯데
2017,07,25,1,18,키움,LG,잠실,서울,키움
2017,07,25,1,18,SK,KIA,광주,광주,KIA
2017,07,25,1,18,두산,KT,수원,수원,두산
2017,07,25,1,18,NC,삼성,대구,대구,삼성
2017,07,23,6,18,SK,NC,마산,창원,NC
2017,07,23,6,18,롯데,KIA,광주,광주,롯데
2017,07,23,6,18,LG,삼성,대구,대구,삼성
2017,07,23,6,18,KT,키움,고척,서울,키움
2017,07,23,6,18,한화,두산,잠실,서울,두산
2017,07,22,5,18,SK,NC,마산,창원,NC
2017,07,22,5,18,롯데,KIA,광주,광주,롯데
2017,07,22,5,18,KT,키움,고척,서울,KT
2017,07,22,5,18,한화,두산,잠실,서울,두산
2017,07,21,4,18,SK,NC,마산,창원,NC
2017,07,21,4,18,롯데,KIA,광주,광주,롯데
2017,07,21,4,18,LG,삼성,대구,대구,LG
2017,07,21,4,18,KT,키움,고척,서울,키움
2017,07,21,4,18,한화,두산,잠실,서울,두산
2017,07,20,3,18,삼성,롯데,울산,울산,0
2017,07,20,3,18,두산,SK,문학,인천,두산
2017,07,20,3,18,NC,한화,청주,청주,NC
2017,07,20,3,18,KT,LG,잠실,서울,LG
2017,07,20,3,18,KIA,키움,고척,서울,KIA
2017,07,19,2,18,삼성,롯데,울산,울산,삼성
2017,07,19,2,18,두산,SK,문학,인천,SK
2017,07,19,2,18,NC,한화,청주,청주,NC
2017,07,19,2,18,KT,LG,잠실,서울,LG
2017,07,19,2,18,KIA,키움,고척,서울,키움
2017,07,18,1,18,삼성,롯데,울산,울산,롯데
2017,07,18,1,18,두산,SK,문학,인천,두산
2017,07,18,1,18,NC,한화,청주,청주,NC
2017,07,18,1,18,KT,LG,잠실,서울,LG
2017,07,18,1,18,KIA,키움,고척,서울,KIA
2017,07,13,3,18,키움,두산,잠실,서울,두산
2017,07,13,3,18,삼성,KT,수원,수원,KT
2017,07,13,3,18,NC,KIA,광주,광주,KIA
2017,07,13,3,18,롯데,한화,대전,대전,한화
2017,07,13,3,18,LG,SK,문학,인천,LG
2017,07,12,2,18,키움,두산,잠실,서울,두산
2017,07,12,2,18,삼성,KT,수원,수원,삼성
2017,07,12,2,18,NC,KIA,광주,광주,KIA
2017,07,12,2,18,롯데,한화,대전,대전,롯데
2017,07,12,2,18,LG,SK,문학,인천,LG
2017,07,11,1,18,키움,두산,잠실,서울,키움
2017,07,11,1,18,삼성,KT,수원,수원,삼성
2017,07,11,1,18,NC,KIA,광주,광주,KIA
2017,07,11,1,18,롯데,한화,대전,대전,롯데
2017,07,11,1,18,LG,SK,문학,인천,SK
2017,07,9,6,18,키움,삼성,대구,대구,삼성
2017,07,9,6,18,SK,롯데,사직,부산,SK
2017,07,9,6,18,두산,NC,마산,창원,NC
2017,07,9,6,18,한화,LG,잠실,서울,LG
2017,07,8,5,18,키움,삼성,대구,대구,키움
2017,07,8,5,18,SK,롯데,사직,부산,롯데
2017,07,8,5,18,KIA,KT,수원,수원,KIA
2017,07,8,5,18,한화,LG,잠실,서울,한화
2017,07,7,4,18,키움,삼성,대구,대구,키움
2017,07,7,4,18,SK,롯데,사직,부산,SK
2017,07,7,4,18,두산,NC,마산,창원,두산
2017,07,6,3,18,롯데,삼성,포항,포항,롯데
2017,07,6,3,18,KIA,SK,문학,인천,KIA
2017,07,6,3,18,한화,키움,고척,서울,키움
2017,07,5,2,18,롯데,삼성,포항,포항,삼성
2017,07,5,2,18,LG,NC,마산,창원,LG
2017,07,5,2,18,KT,두산,잠실,서울,두산
2017,07,5,2,18,KIA,SK,문학,인천,SK
2017,07,5,2,18,한화,키움,고척,서울,키움
2017,07,4,1,18,롯데,삼성,포항,포항,삼성
2017,07,4,1,18,KT,두산,잠실,서울,두산
2017,07,4,1,18,KIA,SK,문학,인천,KIA
2017,07,4,1,18,한화,키움,고척,서울,키움
2017,07,2,6,18,키움,KT,수원,수원,키움
2017,07,2,6,18,삼성,SK,문학,인천,SK
2017,07,2,6,18,NC,롯데,사직,부산,롯데
2017,07,2,6,18,KIA,LG,잠실,서울,KIA
2017,07,1,5,18,삼성,SK,문학,인천,삼성
2017,07,1,5,18,두산,한화,대전,대전,한화
2017,07,1,5,18,NC,롯데,사직,부산,롯데
2017,07,1,5,18,KIA,LG,잠실,서울,KIA
2019,06,30,6,17,키움,한화,대전,대전,키움
2019,06,30,6,17,SK,삼성,대구,대구,SK
2019,06,30,6,17,롯데,두산,잠실,서울,롯데
2019,06,30,6,17,LG,NC,창원,창원,NC
2019,06,30,6,17,KIA,KT,수원,수원,KT
2019,06,29,5,17,롯데,두산,잠실,서울,롯데
2019,06,29,5,17,KIA,KT,수원,수원,KT
2019,06,28,4,19,LG,NC,창원,창원,LG
2019,06,28,4,18,키움,한화,대전,대전,키움
2019,06,28,4,18,SK,삼성,대구,대구,삼성
2019,06,28,4,18,롯데,두산,잠실,서울,두산
2019,06,28,4,18,KIA,KT,수원,수원,KT
2019,06,27,3,18,SK,LG,잠실,서울,LG
2019,06,27,3,18,두산,삼성,포항,포항,두산
2019,06,27,3,18,KT,롯데,사직,부산,KT
2019,06,27,3,18,KIA,키움,고척,서울,키움
2019,06,27,3,18,한화,NC,창원,창원,NC
2019,06,26,2,18,SK,LG,잠실,서울,SK
2019,06,26,2,18,KIA,키움,고척,서울,KIA
2019,06,25,1,18,SK,LG,잠실,서울,SK
2019,06,25,1,18,두산,삼성,포항,포항,삼성
2019,06,25,1,18,KT,롯데,사직,부산,0
2019,06,25,1,18,KIA,키움,고척,서울,키움
2019,06,25,1,18,한화,NC,창원,창원,한화
2019,06,23,6,17,키움,롯데,사직,부산,롯데
2019,06,23,6,17,삼성,한화,대전,대전,삼성
2019,06,23,6,17,두산,SK,문학,인천,SK
2019,06,23,6,17,NC,KT,수원,수원,KT
2019,06,23,6,17,KIA,LG,잠실,서울,KIA
2019,06,22,5,17,키움,롯데,사직,부산,롯데
2019,06,22,5,17,삼성,한화,대전,대전,한화
2019,06,22,5,17,두산,SK,문학,인천,SK
2019,06,22,5,17,NC,KT,수원,수원,NC
2019,06,22,5,17,KIA,LG,잠실,서울,KIA
2019,06,21,4,19,키움,롯데,사직,부산,키움
2019,06,21,4,18,삼성,한화,대전,대전,삼성
2019,06,21,4,18,두산,SK,문학,인천,SK
2019,06,21,4,18,NC,KT,수원,수원,KT
2019,06,21,4,18,KIA,LG,잠실,서울,LG
2019,06,20,3,18,SK,KIA,광주,광주,KIA
2019,06,20,3,18,NC,두산,잠실,서울,두산
2019,06,20,3,18,롯데,한화,대전,대전,한화
2019,06,20,3,18,LG,삼성,대구,대구,LG
2019,06,20,3,18,KT,키움,고척,서울,키움
2019,06,19,2,18,SK,KIA,광주,광주,SK
2019,06,19,2,18,NC,두산,잠실,서울,두산
2019,06,19,2,18,롯데,한화,대전,대전,롯데
2019,06,19,2,18,LG,삼성,대구,대구,LG
2019,06,19,2,18,KT,키움,고척,서울,키움
2019,06,18,1,18,SK,KIA,광주,광주,KIA
2019,06,18,1,18,NC,두산,잠실,서울,두산
2019,06,18,1,18,롯데,한화,대전,대전,롯데
2019,06,18,1,18,LG,삼성,대구,대구,삼성
2019,06,18,1,18,KT,키움,고척,서울,키움
2019,06,16,6,17,NC,SK,문학,인천,SK
2019,06,16,6,17,LG,두산,잠실,서울,두산
2019,06,16,6,17,KT,삼성,대구,대구,KT
2019,06,16,6,17,KIA,롯데,사직,부산,롯데
2019,06,16,6,17,한화,키움,고척,서울,키움
2019,06,15,5,17,NC,SK,문학,인천,SK
2019,06,15,5,17,LG,두산,잠실,서울,LG
2019,06,15,5,17,KT,삼성,대구,대구,KT
2019,06,15,5,17,KIA,롯데,사직,부산,롯데
2019,06,15,5,17,한화,키움,고척,서울,키움
2019,06,14,4,18,NC,SK,문학,인천,SK
2019,06,14,4,18,LG,두산,잠실,서울,두산
2019,06,14,4,18,KT,삼성,대구,대구,삼성
2019,06,14,4,18,한화,키움,고척,서울,키움
2019,06,13,3,18,키움,NC,창원,창원,NC
2019,06,13,3,18,삼성,KIA,광주,광주,KIA
2019,06,13,3,18,SK,KT,수원,수원,KT
2019,06,13,3,18,두산,한화,대전,대전,두산
2019,06,13,3,18,롯데,LG,잠실,서울,LG
2019,06,12,2,18,키움,NC,창원,창원,키움
2019,06,12,2,18,삼성,KIA,광주,광주,KIA
2019,06,12,2,18,SK,KT,수원,수원,SK
2019,06,12,2,18,두산,한화,대전,대전,두산
2019,06,12,2,18,롯데,LG,잠실,서울,LG
2019,06,11,1,18,키움,NC,창원,창원,키움
2019,06,11,1,18,삼성,KIA,광주,광주,KIA
2019,06,11,1,18,SK,KT,수원,수원,SK
2019,06,11,1,18,두산,한화,대전,대전,한화
2019,06,11,1,18,롯데,LG,잠실,서울,0
2019,06,9,6,17,키움,두산,잠실,서울,키움
2019,06,9,6,17,삼성,SK,문학,인천,삼성
2019,06,9,6,17,롯데,KT,수원,수원,KT
2019,06,9,6,17,LG,한화,대전,대전,LG
2019,06,9,6,17,KIA,NC,창원,창원,NC
2019,06,8,5,17,키움,두산,잠실,서울,키움
2019,06,8,5,17,삼성,SK,문학,인천,SK
2019,06,8,5,17,롯데,KT,수원,수원,KT
2019,06,8,5,17,LG,한화,대전,대전,LG
2019,06,8,5,17,KIA,NC,창원,창원,NC
2019,06,7,4,19,KIA,NC,창원,창원,NC
2019,06,7,4,18,키움,두산,잠실,서울,두산
2019,06,7,4,18,삼성,SK,문학,인천,SK
2019,06,7,4,18,롯데,KT,수원,수원,KT
2019,06,7,4,18,LG,한화,대전,대전,한화
2019,06,6,3,17,SK,키움,고척,서울,키움
2019,06,6,3,17,NC,삼성,대구,대구,삼성
2019,06,6,3,14,두산,KIA,광주,광주,KIA
2019,06,6,3,14,KT,LG,잠실,서울,LG
2019,06,6,3,14,한화,롯데,울산,울산,한화
2019,06,5,2,18,SK,키움,고척,서울,SK
2019,06,5,2,18,두산,KIA,광주,광주,두산
2019,06,5,2,18,NC,삼성,대구,대구,삼성
2019,06,5,2,18,KT,LG,잠실,서울,LG
2019,06,5,2,18,한화,롯데,울산,울산,한화
2019,06,4,1,18,SK,키움,고척,서울,SK
2019,06,4,1,18,두산,KIA,광주,광주,두산
2019,06,4,1,18,NC,삼성,대구,대구,삼성
2019,06,4,1,18,KT,LG,잠실,서울,LG
2019,06,4,1,18,한화,롯데,울산,울산,롯데
2019,06,2,6,17,키움,KIA,광주,광주,키움
2019,06,2,6,17,삼성,롯데,사직,부산,삼성
2019,06,2,6,17,두산,KT,수원,수원,두산
2019,06,2,6,17,NC,LG,잠실,서울,NC
2019,06,2,6,17,한화,SK,문학,인천,SK
2019,06,1,5,17,키움,KIA,광주,광주,키움
2019,06,1,5,17,삼성,롯데,사직,부산,롯데
2019,06,1,5,17,두산,KT,수원,수원,KT
2019,06,1,5,17,NC,LG,잠실,서울,LG
2019,06,1,5,17,한화,SK,문학,인천,한화
2018,06,30,5,17,NC,KT,수원,수원,KT
2018,06,30,5,17,롯데,한화,대전,대전,한화
2018,06,30,5,17,LG,SK,문학,인천,SK
2018,06,30,5,17,KIA,두산,잠실,서울,두산
2018,06,29,4,18,키움,삼성,대구,대구,키움
2018,06,29,4,18,NC,KT,수원,수원,KT
2018,06,29,4,18,롯데,한화,대전,대전,한화
2018,06,29,4,18,LG,SK,문학,인천,SK
2018,06,29,4,18,KIA,두산,잠실,서울,KIA
2018,06,28,3,18,키움,롯데,사직,부산,롯데
2018,06,28,3,18,삼성,한화,대전,대전,한화
2018,06,28,3,18,두산,NC,마산,창원,두산
2018,06,27,2,18,키움,롯데,사직,부산,롯데
2018,06,27,2,18,삼성,한화,대전,대전,한화
2018,06,27,2,18,두산,NC,마산,창원,두산
2018,06,27,2,18,KT,LG,잠실,서울,LG
2018,06,27,2,18,KIA,SK,문학,인천,SK
2018,06,26,1,18,키움,롯데,사직,부산,키움
2018,06,26,1,18,삼성,한화,대전,대전,삼성
2018,06,26,1,18,두산,NC,마산,창원,NC
2018,06,24,6,17,SK,KT,수원,수원,KT
2018,06,24,6,17,두산,삼성,대구,대구,두산
2018,06,24,6,17,롯데,LG,잠실,서울,0
2018,06,24,6,17,KIA,키움,고척,서울,KIA
2018,06,24,6,17,한화,NC,마산,창원,한화
2018,06,23,5,17,SK,KT,수원,수원,SK
2018,06,23,5,17,두산,삼성,대구,대구,두산
2018,06,23,5,17,롯데,LG,잠실,서울,LG
2018,06,23,5,17,KIA,키움,고척,서울,키움
2018,06,23,5,17,한화,NC,마산,창원,한화
2018,06,22,4,18,SK,KT,수원,수원,SK
2018,06,22,4,18,두산,삼성,대구,대구,삼성
2018,06,22,4,18,롯데,LG,잠실,서울,LG
2018,06,22,4,18,KIA,키움,고척,서울,KIA
2018,06,22,4,18,한화,NC,마산,창원,한화
2018,06,21,3,18,키움,두산,잠실,서울,두산
2018,06,21,3,18,SK,삼성,대구,대구,SK
2018,06,21,3,18,NC,KIA,광주,광주,NC
2018,06,21,3,18,롯데,KT,수원,수원,0
2018,06,21,3,18,LG,한화,청주,청주,한화
2018,06,20,2,18,키움,두산,잠실,서울,키움
2018,06,20,2,18,SK,삼성,대구,대구,삼성
2018,06,20,2,18,NC,KIA,광주,광주,KIA
2018,06,20,2,18,롯데,KT,수원,수원,롯데
2018,06,20,2,18,LG,한화,청주,청주,한화
2018,06,19,1,18,키움,두산,잠실,서울,키움
2018,06,19,1,18,SK,삼성,대구,대구,0
2018,06,19,1,18,롯데,KT,수원,수원,롯데
2018,06,19,1,18,LG,한화,청주,청주,LG
2018,06,17,6,17,삼성,키움,고척,서울,키움
2018,06,17,6,17,두산,한화,대전,대전,한화
2018,06,17,6,17,롯데,SK,문학,인천,롯데
2018,06,17,6,17,KT,NC,마산,창원,KT
2018,06,17,6,17,KIA,LG,잠실,서울,LG
2018,06,16,5,17,삼성,키움,고척,서울,키움
2018,06,16,5,17,두산,한화,대전,대전,두산
2018,06,16,5,17,롯데,SK,문학,인천,롯데
2018,06,16,5,17,KT,NC,마산,창원,NC
2018,06,16,5,17,KIA,LG,잠실,서울,LG
2018,06,15,4,18,삼성,키움,고척,서울,키움
2018,06,15,4,18,두산,한화,대전,대전,두산
2018,06,15,4,18,롯데,SK,문학,인천,롯데
2018,06,15,4,18,KT,NC,마산,창원,NC
2018,06,15,4,18,KIA,LG,잠실,서울,LG
2018,06,14,3,18,삼성,롯데,사직,부산,삼성
2018,06,14,3,18,SK,KIA,광주,광주,SK
2018,06,14,3,18,LG,NC,마산,창원,NC
2018,06,14,3,18,KT,두산,잠실,서울,두산
2018,06,14,3,18,한화,키움,고척,서울,한화
2018,06,13,2,18,삼성,롯데,사직,부산,롯데
2018,06,13,2,18,SK,KIA,광주,광주,SK
2018,06,13,2,18,LG,NC,마산,창원,NC
2018,06,13,2,18,KT,두산,잠실,서울,두산
2018,06,13,2,18,한화,키움,고척,서울,키움
2018,06,12,1,18,삼성,롯데,사직,부산,삼성
2018,06,12,1,18,SK,KIA,광주,광주,KIA
2018,06,12,1,18,LG,NC,마산,창원,NC
2018,06,12,1,18,KT,두산,잠실,서울,두산
2018,06,12,1,18,한화,키움,고척,서울,한화
2018,06,10,6,17,키움,KT,수원,수원,키움
2018,06,10,6,17,SK,한화,대전,대전,한화
2018,06,10,6,17,NC,두산,잠실,서울,두산
2018,06,10,6,17,LG,삼성,대구,대구,삼성
2018,06,9,5,17,키움,KT,수원,수원,KT
2018,06,9,5,17,SK,한화,대전,대전,SK
2018,06,9,5,17,NC,두산,잠실,서울,두산
2018,06,9,5,17,LG,삼성,대구,대구,LG
2018,06,9,5,17,KIA,롯데,사직,부산,KIA
2018,06,8,4,18,키움,KT,수원,수원,키움
2018,06,8,4,18,SK,한화,대전,대전,한화
2018,06,8,4,18,NC,두산,잠실,서울,두산
2018,06,8,4,18,LG,삼성,대구,대구,LG
2018,06,8,4,18,KIA,롯데,사직,부산,롯데
2018,06,7,3,18,삼성,SK,문학,인천,삼성
2018,06,7,3,18,두산,키움,고척,서울,두산
2018,06,7,3,18,롯데,NC,마산,창원,NC
2018,06,7,3,18,KIA,KT,수원,수원,KIA
2018,06,7,3,18,한화,LG,잠실,서울,LG
2018,06,6,2,17,삼성,SK,문학,인천,SK
2018,06,6,2,17,롯데,NC,마산,창원,롯데
2018,06,6,2,14,두산,키움,고척,서울,두산
2018,06,6,2,14,KIA,KT,수원,수원,KIA
2018,06,6,2,14,한화,LG,잠실,서울,한화
2018,06,5,1,18,삼성,SK,문학,인천,SK
2018,06,5,1,18,두산,키움,고척,서울,키움
2018,06,5,1,18,롯데,NC,마산,창원,롯데
2018,06,5,1,18,KIA,KT,수원,수원,KIA
2018,06,5,1,18,한화,LG,잠실,서울,LG
2018,06,3,6,17,키움,LG,잠실,서울,LG
2018,06,3,6,17,삼성,NC,마산,창원,삼성
2018,06,3,6,17,두산,KIA,광주,광주,KIA
2018,06,3,6,17,KT,SK,문학,인천,KT
2018,06,3,6,17,한화,롯데,사직,부산,롯데
2018,06,2,5,17,키움,LG,잠실,서울,LG
2018,06,2,5,17,삼성,NC,마산,창원,삼성
2018,06,2,5,17,두산,KIA,광주,광주,두산
2018,06,2,5,17,KT,SK,문학,인천,SK
2018,06,2,5,17,한화,롯데,사직,부산,한화
2018,06,1,4,18,키움,LG,잠실,서울,LG
2018,06,1,4,18,삼성,NC,마산,창원,삼성
2018,06,1,4,18,두산,KIA,광주,광주,두산
2018,06,1,4,18,KT,SK,문학,인천,SK
2018,06,1,4,18,한화,롯데,사직,부산,한화
2017,06,30,4,18,키움,KT,수원,수원,키움
2017,06,30,4,18,삼성,SK,문학,인천,SK
2017,06,30,4,18,두산,한화,대전,대전,한화
2017,06,30,4,18,NC,롯데,사직,부산,롯데
2017,06,30,4,18,KIA,LG,잠실,서울,KIA
2017,06,29,3,18,삼성,KIA,광주,광주,KIA
2017,06,29,3,18,SK,두산,잠실,서울,두산
2017,06,29,3,18,KT,한화,청주,청주,한화
2017,06,28,2,18,키움,NC,마산,창원,NC
2017,06,28,2,18,삼성,KIA,광주,광주,KIA
2017,06,28,2,18,SK,두산,잠실,서울,SK
2017,06,28,2,18,LG,롯데,사직,부산,0
2017,06,28,2,18,KT,한화,청주,청주,KT
2017,06,27,1,18,키움,NC,마산,창원,NC
2017,06,27,1,18,삼성,KIA,광주,광주,KIA
2017,06,27,1,18,SK,두산,잠실,서울,SK
2017,06,27,1,18,LG,롯데,사직,부산,롯데
2017,06,27,1,18,KT,한화,청주,청주,한화
2017,06,25,6,17,롯데,두산,잠실,서울,롯데
2017,06,25,6,17,LG,키움,고척,서울,키움
2017,06,25,6,17,KT,SK,문학,인천,SK
2017,06,25,6,17,KIA,NC,마산,창원,NC
2017,06,25,6,17,한화,삼성,대구,대구,0
2017,06,24,5,17,롯데,두산,잠실,서울,롯데
2017,06,24,5,17,LG,키움,고척,서울,LG
2017,06,24,5,17,KT,SK,문학,인천,SK
2017,06,24,5,17,KIA,NC,마산,창원,NC
2017,06,24,5,17,한화,삼성,대구,대구,삼성
2017,06,23,4,18,롯데,두산,잠실,서울,두산
2017,06,23,4,18,LG,키움,고척,서울,키움
2017,06,23,4,18,KT,SK,문학,인천,SK
2017,06,23,4,18,KIA,NC,마산,창원,NC
2017,06,23,4,18,한화,삼성,대구,대구,삼성
2017,06,22,3,18,키움,한화,대전,대전,한화
2017,06,22,3,18,삼성,LG,잠실,서울,삼성
2017,06,22,3,18,두산,KIA,광주,광주,KIA
2017,06,22,3,18,NC,SK,문학,인천,SK
2017,06,22,3,18,롯데,KT,수원,수원,KT
2017,06,21,2,18,키움,한화,대전,대전,키움
2017,06,21,2,18,삼성,LG,잠실,서울,삼성
2017,06,21,2,18,두산,KIA,광주,광주,KIA
2017,06,21,2,18,NC,SK,문학,인천,NC
2017,06,21,2,18,롯데,KT,수원,수원,롯데
2017,06,20,1,18,키움,한화,대전,대전,한화
2017,06,20,1,18,삼성,LG,잠실,서울,LG
2017,06,20,1,18,NC,SK,문학,인천,SK
2017,06,20,1,18,롯데,KT,수원,수원,롯데
2017,06,18,6,17,SK,삼성,대구,대구,삼성
2017,06,18,6,17,NC,두산,잠실,서울,두산
2017,06,18,6,17,롯데,키움,고척,서울,키움
2017,06,18,6,17,LG,KIA,광주,광주,LG
2017,06,18,6,17,한화,KT,수원,수원,한화
2017,06,17,5,17,SK,삼성,대구,대구,SK
2017,06,17,5,17,NC,두산,잠실,서울,두산
2017,06,17,5,17,롯데,키움,고척,서울,키움
2017,06,17,5,17,LG,KIA,광주,광주,KIA
2017,06,17,5,17,한화,KT,수원,수원,한화
2017,06,16,4,18,SK,삼성,대구,대구,SK
2017,06,16,4,18,NC,두산,잠실,서울,NC
2017,06,16,4,18,롯데,키움,고척,서울,키움
2017,06,16,4,18,LG,KIA,광주,광주,LG
2017,06,16,4,18,한화,KT,수원,수원,한화
2017,06,15,3,18,NC,키움,고척,서울,NC
2017,06,15,3,18,LG,두산,잠실,서울,LG
2017,06,15,3,18,KT,삼성,포항,포항,삼성
2017,06,15,3,18,KIA,롯데,사직,부산,KIA
2017,06,15,3,18,한화,SK,문학,인천,SK
2017,06,14,2,18,NC,키움,고척,서울,키움
2017,06,14,2,18,LG,두산,잠실,서울,LG
2017,06,14,2,18,KT,삼성,포항,포항,KT
2017,06,14,2,18,KIA,롯데,사직,부산,KIA
2017,06,14,2,18,한화,SK,문학,인천,SK
2017,06,13,1,18,NC,키움,고척,서울,NC
2017,06,13,1,18,LG,두산,잠실,서울,두산
2017,06,13,1,18,KT,삼성,포항,포항,삼성
2017,06,13,1,18,KIA,롯데,사직,부산,KIA
2017,06,13,1,18,한화,SK,문학,인천,한화
2017,06,11,6,17,키움,KIA,광주,광주,KIA
2017,06,11,6,17,삼성,한화,대전,대전,삼성
2017,06,11,6,17,SK,LG,잠실,서울,LG
2017,06,11,6,17,두산,롯데,울산,울산,롯데
2017,06,11,6,17,KT,NC,마산,창원,NC
2017,06,10,5,17,키움,KIA,광주,광주,키움
2017,06,10,5,17,삼성,한화,대전,대전,한화
2017,06,10,5,17,SK,LG,잠실,서울,SK
2017,06,10,5,17,두산,롯데,울산,울산,롯데
2017,06,10,5,17,KT,NC,마산,창원,NC
2017,06,9,4,18,키움,KIA,광주,광주,키움
2017,06,9,4,18,삼성,한화,대전,대전,삼성
2017,06,9,4,18,SK,LG,잠실,서울,LG
2017,06,9,4,18,두산,롯데,울산,울산,두산
2017,06,9,4,18,KT,NC,마산,창원,NC
2017,06,8,3,18,키움,SK,문학,인천,키움
2017,06,8,3,18,삼성,두산,잠실,서울,두산
2017,06,8,3,18,롯데,NC,마산,창원,NC
2017,06,8,3,18,LG,KT,수원,수원,LG
2017,06,8,3,18,한화,KIA,광주,광주,KIA
2017,06,7,2,18,키움,SK,문학,인천,키움
2017,06,7,2,18,삼성,두산,잠실,서울,두산
2017,06,7,2,18,롯데,NC,마산,창원,NC
2017,06,7,2,18,LG,KT,수원,수원,LG
2017,06,7,2,18,한화,KIA,광주,광주,KIA
2017,06,6,1,17,롯데,NC,마산,창원,롯데
2017,06,6,1,14,키움,SK,문학,인천,SK
2017,06,6,1,14,삼성,두산,잠실,서울,삼성
2017,06,4,6,17,SK,한화,대전,대전,SK
2017,06,4,6,17,두산,키움,고척,서울,두산
2017,06,4,6,17,NC,LG,잠실,서울,NC
2017,06,4,6,17,KT,롯데,사직,부산,롯데
2017,06,4,6,17,KIA,삼성,대구,대구,KIA
2017,06,3,5,17,SK,한화,대전,대전,SK
2017,06,3,5,17,두산,키움,고척,서울,키움
2017,06,3,5,17,NC,LG,잠실,서울,NC
2017,06,3,5,17,KT,롯데,사직,부산,KT
2017,06,3,5,17,KIA,삼성,대구,대구,삼성
2017,06,2,4,18,SK,한화,대전,대전,한화
2017,06,2,4,18,두산,키움,고척,서울,두산
2017,06,2,4,18,NC,LG,잠실,서울,NC
2017,06,2,4,18,KT,롯데,사직,부산,KT
2017,06,2,4,18,KIA,삼성,대구,대구,삼성
2017,06,1,3,18,키움,LG,잠실,서울,LG
2017,06,1,3,18,SK,KT,수원,수원,SK
2017,06,1,3,18,두산,한화,대전,대전,두산
2017,06,1,3,18,롯데,삼성,대구,대구,삼성
2017,06,1,3,18,KIA,NC,마산,창원,NC
2019,05,31,4,18,키움,KIA,광주,광주,KIA
2019,05,31,4,18,삼성,롯데,사직,부산,롯데
2019,05,31,4,18,두산,KT,수원,수원,KT
2019,05,31,4,18,NC,LG,잠실,서울,LG
2019,05,31,4,18,한화,SK,문학,인천,SK
2019,05,30,3,18,삼성,두산,잠실,서울,삼성
2019,05,30,3,18,롯데,NC,창원,창원,롯데
2019,05,30,3,18,LG,키움,고척,서울,LG
2019,05,30,3,18,KT,SK,문학,인천,SK
2019,05,30,3,18,KIA,한화,대전,대전,KIA
2019,05,29,2,18,삼성,두산,잠실,서울,두산
2019,05,29,2,18,롯데,NC,창원,창원,NC
2019,05,29,2,18,LG,키움,고척,서울,LG
2019,05,29,2,18,KT,SK,문학,인천,KT
2019,05,29,2,18,KIA,한화,대전,대전,KIA
2019,05,28,1,18,삼성,두산,잠실,서울,두산
2019,05,28,1,18,롯데,NC,창원,창원,롯데
2019,05,28,1,18,LG,키움,고척,서울,키움
2019,05,28,1,18,KT,SK,문학,인천,SK
2019,05,28,1,18,KIA,한화,대전,대전,한화
2019,05,26,6,14,키움,삼성,대구,대구,삼성
2019,05,26,6,14,SK,NC,창원,창원,SK
2019,05,26,6,14,LG,롯데,사직,부산,LG
2019,05,26,6,14,KT,KIA,광주,광주,KIA
2019,05,26,6,14,한화,두산,잠실,서울,두산
2019,05,25,5,17,키움,삼성,대구,대구,삼성
2019,05,25,5,17,SK,NC,창원,창원,NC
2019,05,25,5,17,LG,롯데,사직,부산,LG
2019,05,25,5,17,KT,KIA,광주,광주,KIA
2019,05,25,5,17,한화,두산,잠실,서울,두산
2019,05,24,4,19,SK,NC,창원,창원,SK
2019,05,24,4,18,키움,삼성,대구,대구,키움
2019,05,24,4,18,LG,롯데,사직,부산,롯데
2019,05,24,4,18,KT,KIA,광주,광주,KIA
2019,05,24,4,18,한화,두산,잠실,서울,한화
2019,05,23,3,18,SK,LG,잠실,서울,LG
2019,05,23,3,18,두산,KT,수원,수원,KT
2019,05,23,3,18,NC,키움,고척,서울,NC
2019,05,23,3,18,롯데,KIA,광주,광주,KIA
2019,05,23,3,18,한화,삼성,대구,대구,삼성
2019,05,22,2,18,SK,LG,잠실,서울,SK
2019,05,22,2,18,두산,KT,수원,수원,KT
2019,05,22,2,18,NC,키움,고척,서울,키움
2019,05,22,2,18,롯데,KIA,광주,광주,KIA
2019,05,22,2,18,한화,삼성,대구,대구,삼성
2019,05,21,1,18,SK,LG,잠실,서울,SK
2019,05,21,1,18,두산,KT,수원,수원,KT
2019,05,21,1,18,NC,키움,고척,서울,NC
2019,05,21,1,18,롯데,KIA,광주,광주,KIA
2019,05,21,1,18,한화,삼성,대구,대구,삼성
2019,05,19,6,14,롯데,키움,고척,서울,키움
2019,05,19,6,14,KIA,한화,대전,대전,KIA
2019,05,18,5,17,삼성,KT,수원,수원,KT
2019,05,18,5,17,두산,SK,문학,인천,두산
2019,05,18,5,17,NC,LG,잠실,서울,NC
2019,05,18,5,17,롯데,키움,고척,서울,키움
2019,05,18,5,17,KIA,한화,대전,대전,한화
2019,05,17,4,18,삼성,KT,수원,수원,삼성
2019,05,17,4,18,두산,SK,문학,인천,두산
2019,05,17,4,18,NC,LG,잠실,서울,NC
2019,05,17,4,18,롯데,키움,고척,서울,키움
2019,05,17,4,18,KIA,한화,대전,대전,KIA
2019,05,16,3,18,키움,한화,대전,대전,한화
2019,05,16,3,18,삼성,두산,잠실,서울,두산
2019,05,16,3,18,SK,NC,창원,창원,NC
2019,05,16,3,18,LG,롯데,사직,부산,LG
2019,05,16,3,18,KT,KIA,광주,광주,KT
2019,05,15,2,18,키움,한화,대전,대전,한화
2019,05,15,2,18,삼성,두산,잠실,서울,두산
2019,05,15,2,18,SK,NC,창원,창원,SK
2019,05,15,2,18,LG,롯데,사직,부산,롯데
2019,05,15,2,18,KT,KIA,광주,광주,KT
2019,05,14,1,18,키움,한화,대전,대전,한화
2019,05,14,1,18,삼성,두산,잠실,서울,삼성
2019,05,14,1,18,SK,NC,창원,창원,NC
2019,05,14,1,18,LG,롯데,사직,부산,롯데
2019,05,14,1,18,KT,KIA,광주,광주,KT
2019,05,12,6,14,키움,KT,수원,수원,KT
2019,05,12,6,14,SK,KIA,광주,광주,SK
2019,05,12,6,14,두산,NC,창원,창원,두산
2019,05,12,6,14,롯데,삼성,대구,대구,롯데
2019,05,12,6,14,한화,LG,잠실,서울,LG
2019,05,11,5,17,키움,KT,수원,수원,키움
2019,05,11,5,17,SK,KIA,광주,광주,SK
2019,05,11,5,17,두산,NC,창원,창원,두산
2019,05,11,5,17,롯데,삼성,대구,대구,삼성
2019,05,11,5,17,한화,LG,잠실,서울,LG
2019,05,10,4,19,두산,NC,창원,창원,NC
2019,05,10,4,18,키움,KT,수원,수원,KT
2019,05,10,4,18,SK,KIA,광주,광주,SK
2019,05,10,4,18,롯데,삼성,대구,대구,롯데
2019,05,10,4,18,한화,LG,잠실,서울,한화
2019,05,9,3,18,NC,삼성,대구,대구,삼성
2019,05,9,3,18,롯데,KT,수원,수원,롯데
2019,05,9,3,18,LG,키움,고척,서울,키움
2019,05,9,3,18,KIA,두산,잠실,서울,KIA
2019,05,9,3,18,한화,SK,문학,인천,한화
2019,05,8,2,18,NC,삼성,대구,대구,삼성
2019,05,8,2,18,롯데,KT,수원,수원,KT
2019,05,8,2,18,LG,키움,고척,서울,키움
2019,05,8,2,18,KIA,두산,잠실,서울,두산
2019,05,8,2,18,한화,SK,문학,인천,SK
2019,05,7,1,18,NC,삼성,대구,대구,삼성
2019,05,7,1,18,롯데,KT,수원,수원,KT
2019,05,7,1,18,LG,키움,고척,서울,LG
2019,05,7,1,18,KIA,두산,잠실,서울,두산
2019,05,7,1,18,한화,SK,문학,인천,SK
2019,05,5,6,14,삼성,키움,고척,서울,키움
2019,05,5,6,14,SK,롯데,사직,부산,SK
2019,05,5,6,14,LG,두산,잠실,서울,두산
2019,05,5,6,14,KT,한화,대전,대전,한화
2019,05,5,6,14,KIA,NC,창원,창원,NC
2019,05,4,5,17,KT,한화,대전,대전,한화
2019,05,4,5,17,KIA,NC,창원,창원,NC
2019,05,4,5,14,삼성,키움,고척,서울,삼성
2019,05,4,5,14,SK,롯데,사직,부산,SK
2019,05,4,5,14,LG,두산,잠실,서울,두산
2019,05,3,4,19,KIA,NC,창원,창원,KIA
2019,05,3,4,18,삼성,키움,고척,서울,키움
2019,05,3,4,18,SK,롯데,사직,부산,SK
2019,05,3,4,18,LG,두산,잠실,서울,두산
2019,05,3,4,18,KT,한화,대전,대전,KT
2019,05,2,3,18,키움,SK,문학,인천,키움
2019,05,2,3,18,삼성,KIA,광주,광주,KIA
2019,05,2,3,18,두산,한화,대전,대전,두산
2019,05,2,3,18,NC,롯데,사직,부산,NC
2019,05,2,3,18,KT,LG,잠실,서울,LG
2019,05,1,2,18,키움,SK,문학,인천,SK
2019,05,1,2,18,삼성,KIA,광주,광주,삼성
2019,05,1,2,18,두산,한화,대전,대전,한화
2019,05,1,2,18,NC,롯데,사직,부산,NC
2019,05,1,2,18,KT,LG,잠실,서울,LG
2018,05,31,3,18,키움,KIA,광주,광주,KIA
2018,05,31,3,18,SK,두산,잠실,서울,두산
2018,05,31,3,18,NC,한화,대전,대전,NC
2018,05,31,3,18,LG,롯데,사직,부산,LG
2018,05,31,3,18,KT,삼성,대구,대구,삼성
2018,05,30,2,18,키움,KIA,광주,광주,키움
2018,05,30,2,18,SK,두산,잠실,서울,두산
2018,05,30,2,18,NC,한화,대전,대전,한화
2018,05,30,2,18,LG,롯데,사직,부산,LG
2018,05,30,2,18,KT,삼성,대구,대구,삼성
2018,05,29,1,18,키움,KIA,광주,광주,키움
2018,05,29,1,18,NC,한화,대전,대전,한화
2018,05,29,1,18,LG,롯데,사직,부산,LG
2018,05,29,1,18,KT,삼성,대구,대구,KT
2018,05,27,6,14,삼성,두산,잠실,서울,두산
2018,05,27,6,14,롯데,키움,고척,서울,롯데
2018,05,27,6,14,LG,KT,수원,수원,KT
2018,05,27,6,14,KIA,NC,마산,창원,KIA
2018,05,27,6,14,한화,SK,문학,인천,한화
2018,05,26,5,17,삼성,두산,잠실,서울,두산
2018,05,26,5,17,롯데,키움,고척,서울,키움
2018,05,26,5,17,LG,KT,수원,수원,LG
2018,05,26,5,17,KIA,NC,마산,창원,NC
2018,05,26,5,17,한화,SK,문학,인천,SK
2018,05,25,4,18,삼성,두산,잠실,서울,삼성
2018,05,25,4,18,롯데,키움,고척,서울,키움
2018,05,25,4,18,LG,KT,수원,수원,KT
2018,05,25,4,18,KIA,NC,마산,창원,KIA
2018,05,25,4,18,한화,SK,문학,인천,SK
2018,05,24,3,18,키움,SK,문학,인천,SK
2018,05,24,3,18,두산,한화,대전,대전,두산
2018,05,24,3,18,NC,LG,잠실,서울,LG
2018,05,24,3,18,롯데,삼성,대구,대구,삼성
2018,05,24,3,18,KT,KIA,광주,광주,KT
2018,05,23,2,18,키움,SK,문학,인천,SK
2018,05,23,2,18,두산,한화,대전,대전,한화
2018,05,23,2,18,NC,LG,잠실,서울,LG
2018,05,23,2,18,롯데,삼성,대구,대구,삼성
2018,05,23,2,18,KT,KIA,광주,광주,KT
2018,05,22,1,14,키움,SK,문학,인천,키움
2018,05,22,1,14,두산,한화,대전,대전,한화
2018,05,22,1,14,NC,LG,잠실,서울,LG
2018,05,22,1,14,롯데,삼성,대구,대구,삼성
2018,05,22,1,14,KT,KIA,광주,광주,KIA
2018,05,20,6,14,삼성,키움,고척,서울,삼성
2018,05,20,6,14,SK,KIA,광주,광주,KIA
2018,05,20,6,14,두산,롯데,사직,부산,두산
2018,05,20,6,14,NC,KT,수원,수원,KT
2018,05,20,6,14,한화,LG,잠실,서울,LG
2018,05,19,5,17,삼성,키움,고척,서울,키움
2018,05,19,5,17,SK,KIA,광주,광주,KIA
2018,05,19,5,17,두산,롯데,사직,부산,롯데
2018,05,19,5,17,NC,KT,수원,수원,KT
2018,05,19,5,17,한화,LG,잠실,서울,한화
2018,05,18,4,18,삼성,키움,고척,서울,삼성
2018,05,18,4,18,SK,KIA,광주,광주,KIA
2018,05,18,4,18,두산,롯데,사직,부산,두산
2018,05,18,4,18,NC,KT,수원,수원,NC
2018,05,18,4,18,한화,LG,잠실,서울,한화
2018,05,17,3,18,롯데,NC,마산,창원,롯데
2018,05,17,3,18,LG,삼성,포항,포항,LG
2018,05,17,3,18,KT,한화,대전,대전,한화
2018,05,17,3,18,KIA,키움,고척,서울,키움
2018,05,16,2,18,SK,두산,잠실,서울,두산
2018,05,16,2,18,LG,삼성,포항,포항,LG
2018,05,16,2,18,KT,한화,대전,대전,한화
2018,05,16,2,18,KIA,키움,고척,서울,키움
2018,05,15,1,18,SK,두산,잠실,서울,두산
2018,05,15,1,18,롯데,NC,마산,창원,롯데
2018,05,15,1,18,LG,삼성,포항,포항,삼성
2018,05,15,1,18,KT,한화,대전,대전,KT
2018,05,15,1,18,KIA,키움,고척,서울,KIA
2018,05,13,6,14,키움,두산,잠실,서울,키움
2018,05,13,6,14,NC,한화,대전,대전,한화
2018,05,13,6,14,LG,SK,문학,인천,SK
2018,05,13,6,14,KT,롯데,사직,부산,롯데
2018,05,13,6,14,KIA,삼성,대구,대구,KIA
2018,05,11,4,18,키움,두산,잠실,서울,키움
2018,05,11,4,18,NC,한화,대전,대전,NC
2018,05,11,4,18,LG,SK,문학,인천,LG
2018,05,11,4,18,KT,롯데,사직,부산,롯데
2018,05,11,4,18,KIA,삼성,대구,대구,삼성
2018,05,10,3,18,삼성,KT,수원,수원,KT
2018,05,10,3,18,SK,NC,마산,창원,SK
2018,05,10,3,18,두산,KIA,광주,광주,KIA
2018,05,10,3,18,롯데,LG,잠실,서울,롯데
2018,05,10,3,18,한화,키움,고척,서울,한화
2018,05,9,2,18,삼성,KT,수원,수원,삼성
2018,05,9,2,18,SK,NC,마산,창원,SK
2018,05,9,2,18,두산,KIA,광주,광주,두산
2018,05,9,2,18,롯데,LG,잠실,서울,LG
2018,05,9,2,18,한화,키움,고척,서울,한화
2018,05,8,1,18,삼성,KT,수원,수원,삼성
2018,05,8,1,18,SK,NC,마산,창원,NC
2018,05,8,1,18,두산,KIA,광주,광주,KIA
2018,05,8,1,18,롯데,LG,잠실,서울,롯데
2018,05,8,1,18,한화,키움,고척,서울,한화
2018,05,6,6,14,두산,LG,잠실,서울,두산
2018,05,6,6,14,NC,KIA,광주,광주,KIA
2018,05,5,5,14,키움,KT,수원,수원,키움
2018,05,5,5,14,두산,LG,잠실,서울,두산
2018,05,5,5,14,NC,KIA,광주,광주,KIA
2018,05,5,5,14,롯데,SK,문학,인천,롯데
2018,05,5,5,14,한화,삼성,대구,대구,삼성
2018,05,4,4,18,키움,KT,수원,수원,키움
2018,05,4,4,18,두산,LG,잠실,서울,두산
2018,05,4,4,18,NC,KIA,광주,광주,NC
2018,05,4,4,18,롯데,SK,문학,인천,SK
2018,05,4,4,18,한화,삼성,대구,대구,한화
2018,05,3,3,18,키움,NC,마산,창원,키움
2018,05,3,3,18,SK,삼성,대구,대구,삼성
2018,05,3,3,18,LG,한화,대전,대전,한화
2018,05,3,3,18,KT,두산,잠실,서울,KT
2018,05,3,3,18,KIA,롯데,사직,부산,롯데
2018,05,2,2,18,키움,NC,마산,창원,NC
2018,05,2,2,18,SK,삼성,대구,대구,SK
2018,05,2,2,18,LG,한화,대전,대전,한화
2018,05,2,2,18,KIA,롯데,사직,부산,KIA
2018,05,1,1,18,키움,NC,마산,창원,키움
2018,05,1,1,18,SK,삼성,대구,대구,SK
2018,05,1,1,18,LG,한화,대전,대전,한화
2018,05,1,1,18,KT,두산,잠실,서울,두산
2018,05,1,1,18,KIA,롯데,사직,부산,롯데
2017,05,31,2,18,키움,LG,잠실,서울,LG
2017,05,31,2,18,SK,KT,수원,수원,SK
2017,05,31,2,18,두산,한화,대전,대전,한화
2017,05,31,2,18,롯데,삼성,대구,대구,삼성
2017,05,31,2,18,KIA,NC,마산,창원,KIA
2017,05,30,1,18,키움,LG,잠실,서울,키움
2017,05,30,1,18,SK,KT,수원,수원,SK
2017,05,30,1,18,두산,한화,대전,대전,한화
2017,05,30,1,18,롯데,삼성,대구,대구,롯데
2017,05,30,1,18,KIA,NC,마산,창원,KIA
2017,05,28,6,14,삼성,키움,고척,서울,삼성
2017,05,28,6,14,롯데,KIA,광주,광주,KIA
2017,05,28,6,14,LG,SK,문학,인천,SK
2017,05,28,6,14,KT,두산,잠실,서울,두산
2017,05,28,6,14,한화,NC,마산,창원,한화
2017,05,27,5,17,삼성,키움,고척,서울,키움
2017,05,27,5,17,롯데,KIA,광주,광주,KIA
2017,05,27,5,17,LG,SK,문학,인천,SK
2017,05,27,5,17,KT,두산,잠실,서울,두산
2017,05,27,5,17,한화,NC,마산,창원,한화
2017,05,26,4,18,삼성,키움,고척,서울,키움
2017,05,26,4,18,롯데,KIA,광주,광주,롯데
2017,05,26,4,18,LG,SK,문학,인천,SK
2017,05,26,4,18,KT,두산,잠실,서울,KT
2017,05,26,4,18,한화,NC,마산,창원,NC
2017,05,25,3,18,SK,롯데,사직,부산,롯데
2017,05,25,3,18,두산,LG,잠실,서울,두산
2017,05,25,3,18,NC,키움,고척,서울,NC
2017,05,25,3,18,KT,삼성,대구,대구,삼성
2017,05,25,3,18,KIA,한화,대전,대전,KIA
2017,05,24,2,18,SK,롯데,사직,부산,롯데
2017,05,24,2,18,두산,LG,잠실,서울,두산
2017,05,24,2,18,NC,키움,고척,서울,NC
2017,05,24,2,18,KT,삼성,대구,대구,KT
2017,05,24,2,18,KIA,한화,대전,대전,KIA
2017,05,23,1,18,SK,롯데,사직,부산,롯데
2017,05,23,1,18,NC,키움,고척,서울,NC
2017,05,23,1,18,KT,삼성,대구,대구,KT
2017,05,23,1,18,KIA,한화,대전,대전,KIA
2017,05,21,6,14,키움,KT,수원,수원,KT
2017,05,21,6,14,삼성,한화,대전,대전,삼성
2017,05,21,6,14,SK,NC,마산,창원,SK
2017,05,21,6,14,두산,KIA,광주,광주,두산
2017,05,21,6,14,롯데,LG,잠실,서울,LG
2017,05,20,5,17,키움,KT,수원,수원,키움
2017,05,20,5,17,삼성,한화,대전,대전,삼성
2017,05,20,5,17,SK,NC,마산,창원,NC
2017,05,20,5,17,두산,KIA,광주,광주,두산
2017,05,20,5,17,롯데,LG,잠실,서울,LG
2017,05,19,4,18,키움,KT,수원,수원,키움
2017,05,19,4,18,삼성,한화,대전,대전,삼성
2017,05,19,4,18,SK,NC,마산,창원,SK
2017,05,19,4,18,두산,KIA,광주,광주,두산
2017,05,19,4,18,롯데,LG,잠실,서울,롯데
2017,05,18,3,18,삼성,SK,문학,인천,SK
2017,05,18,3,18,NC,두산,잠실,서울,두산
2017,05,18,3,18,LG,KIA,광주,광주,KIA
2017,05,18,3,18,KT,롯데,사직,부산,롯데
2017,05,18,3,18,한화,키움,고척,서울,키움
2017,05,17,2,18,삼성,SK,문학,인천,삼성
2017,05,17,2,18,NC,두산,잠실,서울,NC
2017,05,17,2,18,LG,KIA,광주,광주,KIA
2017,05,17,2,18,KT,롯데,사직,부산,롯데
2017,05,17,2,18,한화,키움,고척,서울,한화
2017,05,16,1,18,삼성,SK,문학,인천,삼성
2017,05,16,1,18,NC,두산,잠실,서울,NC
2017,05,16,1,18,LG,KIA,광주,광주,KIA
2017,05,16,1,18,KT,롯데,사직,부산,롯데
2017,05,16,1,18,한화,키움,고척,서울,키움
2017,05,14,6,14,키움,삼성,대구,대구,키움
2017,05,14,6,14,두산,롯데,사직,부산,두산
2017,05,14,6,14,NC,KT,수원,수원,KT
2017,05,14,6,14,KIA,SK,문학,인천,SK
2017,05,14,6,14,한화,LG,잠실,서울,LG
2017,05,13,5,17,키움,삼성,대구,대구,키움
2017,05,13,5,17,두산,롯데,사직,부산,두산
2017,05,13,5,17,NC,KT,수원,수원,KT
2017,05,13,5,17,KIA,SK,문학,인천,KIA
2017,05,13,5,17,한화,LG,잠실,서울,한화
2017,05,12,4,18,키움,삼성,대구,대구,삼성
2017,05,12,4,18,NC,KT,수원,수원,NC
2017,05,12,4,18,KIA,SK,문학,인천,SK
2017,05,12,4,18,한화,LG,잠실,서울,한화
2017,05,11,3,18,키움,NC,마산,창원,키움
2017,05,11,3,18,SK,두산,잠실,서울,두산
2017,05,11,3,18,롯데,한화,대전,대전,한화
2017,05,11,3,18,LG,삼성,대구,대구,LG
2017,05,11,3,18,KT,KIA,광주,광주,KT
2017,05,10,2,18,키움,NC,마산,창원,NC
2017,05,10,2,18,SK,두산,잠실,서울,두산
2017,05,10,2,18,롯데,한화,대전,대전,롯데
2017,05,10,2,18,LG,삼성,대구,대구,LG
2017,05,10,2,18,KT,KIA,광주,광주,KT
2017,05,9,1,18,KT,KIA,광주,광주,KIA
2017,05,7,6,14,삼성,NC,마산,창원,NC
2017,05,7,6,14,SK,키움,고척,서울,0
2017,05,7,6,14,LG,두산,잠실,서울,LG
2017,05,7,6,14,KT,한화,대전,대전,KT
2017,05,7,6,14,KIA,롯데,사직,부산,KIA
2017,05,6,5,17,삼성,NC,마산,창원,삼성
2017,05,6,5,17,SK,키움,고척,서울,SK
2017,05,6,5,17,LG,두산,잠실,서울,LG
2017,05,6,5,17,KT,한화,대전,대전,한화
2017,05,6,5,17,KIA,롯데,사직,부산,KIA
2017,05,5,4,14,삼성,NC,마산,창원,NC
2017,05,5,4,14,SK,키움,고척,서울,키움
2017,05,5,4,14,LG,두산,잠실,서울,LG
2017,05,5,4,14,KT,한화,대전,대전,한화
2017,05,5,4,14,KIA,롯데,사직,부산,KIA
2017,05,4,3,18,두산,삼성,대구,대구,두산
2017,05,4,3,18,NC,LG,잠실,서울,LG
2017,05,4,3,18,롯데,KT,수원,수원,롯데
2017,05,4,3,18,KIA,키움,고척,서울,키움
2017,05,4,3,18,한화,SK,문학,인천,SK
2017,05,3,2,14,두산,삼성,대구,대구,두산
2017,05,3,2,14,NC,LG,잠실,서울,LG
2017,05,3,2,14,롯데,KT,수원,수원,KT
2017,05,3,2,14,KIA,키움,고척,서울,KIA
2017,05,3,2,14,한화,SK,문학,인천,한화
2017,05,2,1,18,두산,삼성,대구,대구,삼성
2017,05,2,1,18,NC,LG,잠실,서울,NC
2017,05,2,1,18,롯데,KT,수원,수원,롯데
2017,05,2,1,18,KIA,키움,고척,서울,KIA
2017,05,2,1,18,한화,SK,문학,인천,한화
2019,04,30,1,18,키움,SK,문학,인천,키움
2019,04,30,1,18,삼성,KIA,광주,광주,KIA
2019,04,30,1,18,두산,한화,대전,대전,한화
2019,04,30,1,18,NC,롯데,사직,부산,롯데
2019,04,30,1,18,KT,LG,잠실,서울,LG
2019,04,28,6,14,SK,KT,수원,수원,SK
2019,04,28,6,14,롯데,두산,잠실,서울,두산
2019,04,28,6,14,LG,삼성,대구,대구,LG
2019,04,28,6,14,KIA,키움,고척,서울,키움
2019,04,28,6,14,한화,NC,창원,창원,NC
2019,04,27,5,17,SK,KT,수원,수원,SK
2019,04,27,5,17,롯데,두산,잠실,서울,두산
2019,04,27,5,17,LG,삼성,대구,대구,LG
2019,04,27,5,17,KIA,키움,고척,서울,KIA
2019,04,27,5,17,한화,NC,창원,창원,NC
2019,04,26,4,18,SK,KT,수원,수원,SK
2019,04,26,4,18,롯데,두산,잠실,서울,두산
2019,04,26,4,18,KIA,키움,고척,서울,키움
2019,04,25,3,18,SK,삼성,대구,대구,SK
2019,04,25,3,18,두산,키움,고척,서울,키움
2019,04,24,2,18,SK,삼성,대구,대구,SK
2019,04,24,2,18,두산,키움,고척,서울,키움
2019,04,24,2,18,NC,KT,수원,수원,NC
2019,04,24,2,18,롯데,한화,대전,대전,한화
2019,04,24,2,18,KIA,LG,잠실,서울,LG
2019,04,23,1,18,두산,키움,고척,서울,두산
2019,04,23,1,18,NC,KT,수원,수원,NC
2019,04,23,1,18,KIA,LG,잠실,서울,LG
2019,04,21,6,14,키움,LG,잠실,서울,LG
2019,04,21,6,14,삼성,한화,대전,대전,삼성
2019,04,21,6,14,두산,KIA,광주,광주,두산
2019,04,21,6,14,NC,SK,문학,인천,SK
2019,04,21,6,14,KT,롯데,사직,부산,KT
2019,04,20,5,17,키움,LG,잠실,서울,키움
2019,04,20,5,17,삼성,한화,대전,대전,한화
2019,04,20,5,17,두산,KIA,광주,광주,두산
2019,04,20,5,17,NC,SK,문학,인천,SK
2019,04,20,5,17,KT,롯데,사직,부산,롯데
2019,04,19,4,18,키움,LG,잠실,서울,키움
2019,04,19,4,18,삼성,한화,대전,대전,한화
2019,04,19,4,18,두산,KIA,광주,광주,두산
2019,04,19,4,18,NC,SK,문학,인천,NC
2019,04,19,4,18,KT,롯데,사직,부산,KT
2019,04,18,3,18,키움,삼성,포항,포항,삼성
2019,04,18,3,18,SK,두산,잠실,서울,SK
2019,04,18,3,18,LG,NC,창원,창원,LG
2019,04,18,3,18,KIA,롯데,사직,부산,롯데
2019,04,18,3,18,한화,KT,수원,수원,KT
2019,04,17,2,18,키움,삼성,포항,포항,키움
2019,04,17,2,18,SK,두산,잠실,서울,두산
2019,04,17,2,18,LG,NC,창원,창원,LG
2019,04,17,2,18,KIA,롯데,사직,부산,롯데
2019,04,17,2,18,한화,KT,수원,수원,한화
2019,04,16,1,18,키움,삼성,포항,포항,키움
2019,04,16,1,18,SK,두산,잠실,서울,두산
2019,04,16,1,18,LG,NC,창원,창원,LG
2019,04,16,1,18,KIA,롯데,사직,부산,롯데
2019,04,16,1,18,한화,KT,수원,수원,KT
2019,04,14,6,14,두산,LG,잠실,서울,두산
2019,04,14,6,14,롯데,NC,창원,창원,NC
2019,04,14,6,14,KT,삼성,대구,대구,삼성
2019,04,14,6,14,KIA,SK,문학,인천,KIA
2019,04,14,6,14,한화,키움,고척,서울,한화
2019,04,13,5,17,두산,LG,잠실,서울,LG
2019,04,13,5,17,롯데,NC,창원,창원,NC
2019,04,13,5,17,KT,삼성,대구,대구,KT
2019,04,13,5,17,KIA,SK,문학,인천,KIA
2019,04,13,5,17,한화,키움,고척,서울,키움
2019,04,12,4,19,롯데,NC,창원,창원,NC
2019,04,12,4,18,두산,LG,잠실,서울,LG
2019,04,12,4,18,KT,삼성,대구,대구,삼성
2019,04,12,4,18,KIA,SK,문학,인천,0
2019,04,12,4,18,한화,키움,고척,서울,키움
2019,04,11,3,18,삼성,LG,잠실,서울,LG
2019,04,11,3,18,SK,한화,대전,대전,SK
2019,04,11,3,18,두산,롯데,사직,부산,두산
2019,04,11,3,18,NC,KIA,광주,광주,NC
2019,04,11,3,18,KT,키움,고척,서울,KT
2019,04,10,2,18,삼성,LG,잠실,서울,삼성
2019,04,10,2,18,SK,한화,대전,대전,SK
2019,04,10,2,18,두산,롯데,사직,부산,두산
2019,04,10,2,18,NC,KIA,광주,광주,KIA
2019,04,10,2,18,KT,키움,고척,서울,키움
2019,04,9,1,18,KT,키움,고척,서울,키움
2019,04,7,6,14,삼성,SK,문학,인천,SK
2019,04,7,6,14,NC,두산,잠실,서울,NC
2019,04,7,6,14,LG,KT,수원,수원,KT
2019,04,7,6,14,한화,롯데,사직,부산,한화
2019,04,6,5,17,키움,KIA,광주,광주,키움
2019,04,6,5,17,삼성,SK,문학,인천,SK
2019,04,6,5,17,NC,두산,잠실,서울,NC
2019,04,6,5,17,LG,KT,수원,수원,KT
2019,04,6,5,17,한화,롯데,사직,부산,롯데
2019,04,5,4,18,키움,KIA,광주,광주,KIA
2019,04,5,4,18,삼성,SK,문학,인천,SK
2019,04,5,4,18,NC,두산,잠실,서울,NC
2019,04,5,4,18,LG,KT,수원,수원,LG
2019,04,5,4,18,한화,롯데,사직,부산,롯데
2019,04,4,3,18,키움,NC,창원,창원,키움
2019,04,4,3,18,롯데,SK,문학,인천,SK
2019,04,4,3,18,LG,한화,대전,대전,한화
2019,04,4,3,18,KT,두산,잠실,서울,두산
2019,04,4,3,18,KIA,삼성,대구,대구,삼성
2019,04,3,2,18,키움,NC,창원,창원,NC
2019,04,3,2,18,롯데,SK,문학,인천,롯데
2019,04,3,2,18,LG,한화,대전,대전,LG
2019,04,3,2,18,KT,두산,잠실,서울,두산
2019,04,3,2,18,KIA,삼성,대구,대구,삼성
2019,04,2,1,18,키움,NC,창원,창원,키움
2019,04,2,1,18,롯데,SK,문학,인천,롯데
2019,04,2,1,18,LG,한화,대전,대전,한화
2019,04,2,1,18,KT,두산,잠실,서울,두산
2019,04,2,1,18,KIA,삼성,대구,대구,KIA
2018,04,29,6,14,삼성,LG,잠실,서울,삼성
2018,04,29,6,14,SK,키움,고척,서울,키움
2018,04,29,6,14,두산,NC,마산,창원,두산
2018,04,29,6,14,KIA,KT,수원,수원,KT
2018,04,29,6,14,한화,롯데,사직,부산,롯데
2018,04,28,5,17,삼성,LG,잠실,서울,LG
2018,04,28,5,17,SK,키움,고척,서울,SK
2018,04,28,5,17,두산,NC,마산,창원,NC
2018,04,28,5,17,KIA,KT,수원,수원,KT
2018,04,28,5,17,한화,롯데,사직,부산,한화
2018,04,27,4,18,삼성,LG,잠실,서울,LG
2018,04,27,4,18,SK,키움,고척,서울,SK
2018,04,27,4,18,두산,NC,마산,창원,두산
2018,04,27,4,18,KIA,KT,수원,수원,KIA
2018,04,27,4,18,한화,롯데,사직,부산,롯데
2018,04,26,3,18,키움,LG,잠실,서울,LG
2018,04,26,3,18,두산,SK,문학,인천,SK
2018,04,26,3,18,NC,삼성,대구,대구,NC
2018,04,26,3,18,롯데,KT,수원,수원,KT
2018,04,26,3,18,한화,KIA,광주,광주,한화
2018,04,25,2,18,키움,LG,잠실,서울,LG
2018,04,25,2,18,두산,SK,문학,인천,SK
2018,04,25,2,18,NC,삼성,대구,대구,NC
2018,04,25,2,18,롯데,KT,수원,수원,롯데
2018,04,25,2,18,한화,KIA,광주,광주,한화
2018,04,24,1,18,키움,LG,잠실,서울,LG
2018,04,24,1,18,두산,SK,문학,인천,두산
2018,04,24,1,18,NC,삼성,대구,대구,삼성
2018,04,24,1,18,롯데,KT,수원,수원,롯데
2018,04,22,6,14,키움,한화,대전,대전,키움
2018,04,22,6,14,SK,롯데,사직,부산,SK
2018,04,22,6,14,LG,NC,마산,창원,LG
2018,04,22,6,14,KT,삼성,대구,대구,KT
2018,04,22,6,14,KIA,두산,잠실,서울,KIA
2018,04,21,5,17,키움,한화,대전,대전,키움
2018,04,21,5,17,SK,롯데,사직,부산,롯데
2018,04,21,5,17,LG,NC,마산,창원,LG
2018,04,21,5,17,KT,삼성,대구,대구,삼성
2018,04,21,5,17,KIA,두산,잠실,서울,두산
2018,04,20,4,18,키움,한화,대전,대전,키움
2018,04,20,4,18,SK,롯데,사직,부산,롯데
2018,04,20,4,18,LG,NC,마산,창원,LG
2018,04,20,4,18,KT,삼성,대구,대구,KT
2018,04,20,4,18,KIA,두산,잠실,서울,두산
2018,04,19,3,18,삼성,롯데,사직,부산,삼성
2018,04,19,3,18,SK,KT,수원,수원,SK
2018,04,19,3,18,NC,키움,고척,서울,키움
2018,04,19,3,18,LG,KIA,광주,광주,KIA
2018,04,19,3,18,한화,두산,잠실,서울,두산
2018,04,18,2,18,삼성,롯데,사직,부산,롯데
2018,04,18,2,18,SK,KT,수원,수원,SK
2018,04,18,2,18,NC,키움,고척,서울,NC
2018,04,18,2,18,LG,KIA,광주,광주,KIA
2018,04,18,2,18,한화,두산,잠실,서울,두산
2018,04,17,1,18,삼성,롯데,사직,부산,삼성
2018,04,17,1,18,SK,KT,수원,수원,SK
2018,04,17,1,18,NC,키움,고척,서울,NC
2018,04,17,1,18,LG,KIA,광주,광주,KIA
2018,04,17,1,18,한화,두산,잠실,서울,한화
2018,04,15,6,14,삼성,한화,대전,대전,한화
2018,04,15,6,14,두산,키움,고척,서울,두산
2018,04,15,6,14,NC,SK,문학,인천,SK
2018,04,15,6,14,KT,LG,잠실,서울,LG
2018,04,14,5,17,삼성,한화,대전,대전,한화
2018,04,14,5,17,두산,키움,고척,서울,키움
2018,04,14,5,17,NC,SK,문학,인천,SK
2018,04,14,5,17,KT,LG,잠실,서울,LG
2018,04,13,4,18,삼성,한화,대전,대전,삼성
2018,04,13,4,18,두산,키움,고척,서울,두산
2018,04,13,4,18,NC,SK,문학,인천,SK
2018,04,13,4,18,롯데,KIA,광주,광주,롯데
2018,04,13,4,18,KT,LG,잠실,서울,LG
2018,04,12,3,18,키움,롯데,울산,울산,키움
2018,04,12,3,18,SK,LG,잠실,서울,LG
2018,04,12,3,18,두산,삼성,대구,대구,두산
2018,04,12,3,18,KT,NC,마산,창원,KT
2018,04,12,3,18,KIA,한화,대전,대전,한화
2018,04,11,2,18,키움,롯데,울산,울산,롯데
2018,04,11,2,18,SK,LG,잠실,서울,LG
2018,04,11,2,18,두산,삼성,대구,대구,두산
2018,04,11,2,18,KT,NC,마산,창원,KT
2018,04,11,2,18,KIA,한화,대전,대전,한화
2018,04,10,1,18,키움,롯데,울산,울산,롯데
2018,04,10,1,18,SK,LG,잠실,서울,SK
2018,04,10,1,18,두산,삼성,대구,대구,두산
2018,04,10,1,18,KT,NC,마산,창원,KT
2018,04,10,1,18,KIA,한화,대전,대전,한화
2018,04,8,6,14,키움,KIA,광주,광주,KIA
2018,04,8,6,14,삼성,SK,문학,인천,삼성
2018,04,8,6,14,NC,두산,잠실,서울,두산
2018,04,8,6,14,LG,롯데,사직,부산,LG
2018,04,8,6,14,한화,KT,수원,수원,한화
2018,04,7,5,17,키움,KIA,광주,광주,KIA
2018,04,7,5,17,삼성,SK,문학,인천,SK
2018,04,7,5,17,NC,두산,잠실,서울,두산
2018,04,7,5,17,LG,롯데,사직,부산,롯데
2018,04,7,5,17,한화,KT,수원,수원,KT
2018,04,6,4,18,키움,KIA,광주,광주,KIA
2018,04,6,4,18,LG,롯데,사직,부산,LG
2018,04,5,3,18,삼성,NC,마산,창원,삼성
2018,04,5,3,18,KT,키움,고척,서울,키움
2018,04,4,2,18,삼성,NC,마산,창원,NC
2018,04,4,2,18,롯데,한화,대전,대전,한화
2018,04,4,2,18,LG,두산,잠실,서울,두산
2018,04,4,2,18,KT,키움,고척,서울,키움
2018,04,4,2,18,KIA,SK,문학,인천,KIA
2018,04,3,1,18,삼성,NC,마산,창원,NC
2018,04,3,1,18,롯데,한화,대전,대전,한화
2018,04,3,1,18,LG,두산,잠실,서울,두산
2018,04,3,1,18,KT,키움,고척,서울,KT
2018,04,3,1,18,KIA,SK,문학,인천,SK
2018,04,1,6,14,키움,삼성,대구,대구,삼성
2018,04,1,6,14,SK,한화,대전,대전,SK
2018,04,1,6,14,두산,KT,수원,수원,KT
2018,04,1,6,14,NC,롯데,사직,부산,롯데
2018,04,1,6,14,KIA,LG,잠실,서울,LG
2017,04,30,6,14,키움,한화,대전,대전,키움
2017,04,30,6,14,SK,삼성,대구,대구,SK
2017,04,30,6,14,NC,KIA,광주,광주,NC
2017,04,30,6,14,롯데,두산,잠실,서울,롯데
2017,04,30,6,14,LG,KT,수원,수원,LG
2017,04,29,5,17,키움,한화,대전,대전,키움
2017,04,29,5,17,SK,삼성,대구,대구,삼성
2017,04,29,5,17,NC,KIA,광주,광주,NC
2017,04,29,5,17,롯데,두산,잠실,서울,두산
2017,04,29,5,17,LG,KT,수원,수원,KT
2017,04,28,4,18,키움,한화,대전,대전,키움
2017,04,28,4,18,SK,삼성,대구,대구,SK
2017,04,28,4,18,NC,KIA,광주,광주,KIA
2017,04,28,4,18,롯데,두산,잠실,서울,두산
2017,04,28,4,18,LG,KT,수원,수원,LG
2017,04,27,3,18,삼성,KIA,광주,광주,KIA
2017,04,27,3,18,SK,LG,잠실,서울,LG
2017,04,27,3,18,두산,키움,고척,서울,키움
2017,04,27,3,18,KT,NC,마산,창원,NC
2017,04,27,3,18,한화,롯데,사직,부산,한화
2017,04,26,2,18,삼성,KIA,광주,광주,KIA
2017,04,26,2,18,SK,LG,잠실,서울,LG
2017,04,26,2,18,두산,키움,고척,서울,두산
2017,04,26,2,18,KT,NC,마산,창원,NC
2017,04,26,2,18,한화,롯데,사직,부산,롯데
2017,04,25,1,18,삼성,KIA,광주,광주,KIA
2017,04,25,1,18,SK,LG,잠실,서울,SK
2017,04,25,1,18,두산,키움,고척,서울,키움
2017,04,25,1,18,KT,NC,마산,창원,NC
2017,04,25,1,18,한화,롯데,사직,부산,롯데
2017,04,23,6,14,두산,SK,문학,인천,두산
2017,04,23,6,14,NC,삼성,대구,대구,NC
2017,04,23,6,14,롯데,키움,고척,서울,키움
2017,04,23,6,14,KIA,LG,잠실,서울,LG
2017,04,23,6,14,한화,KT,수원,수원,한화
2017,04,22,5,17,두산,SK,문학,인천,SK
2017,04,22,5,17,NC,삼성,대구,대구,NC
2017,04,22,5,17,롯데,키움,고척,서울,롯데
2017,04,22,5,17,KIA,LG,잠실,서울,KIA
2017,04,22,5,17,한화,KT,수원,수원,KT
2017,04,21,4,18,두산,SK,문학,인천,SK
2017,04,21,4,18,NC,삼성,대구,대구,0
2017,04,21,4,18,롯데,키움,고척,서울,키움
2017,04,21,4,18,KIA,LG,잠실,서울,LG
2017,04,21,4,18,한화,KT,수원,수원,한화
2017,04,20,3,18,키움,SK,문학,인천,키움
2017,04,20,3,18,삼성,두산,잠실,서울,두산
2017,04,20,3,18,NC,롯데,사직,부산,NC
2017,04,20,3,18,LG,한화,대전,대전,LG
2017,04,20,3,18,KIA,KT,수원,수원,KIA
2017,04,19,2,18,키움,SK,문학,인천,SK
2017,04,19,2,18,삼성,두산,잠실,서울,두산
2017,04,19,2,18,NC,롯데,사직,부산,NC
2017,04,19,2,18,LG,한화,대전,대전,한화
2017,04,19,2,18,KIA,KT,수원,수원,KT
2017,04,18,1,18,키움,SK,문학,인천,SK
2017,04,18,1,18,삼성,두산,잠실,서울,0
2017,04,18,1,18,NC,롯데,사직,부산,NC
2017,04,18,1,18,LG,한화,대전,대전,한화
2017,04,18,1,18,KIA,KT,수원,수원,KIA
2017,04,16,6,14,키움,KIA,광주,광주,KIA
2017,04,16,6,14,삼성,롯데,사직,부산,삼성
2017,04,16,6,14,SK,한화,대전,대전,SK
2017,04,16,6,14,두산,NC,마산,창원,NC
2017,04,16,6,14,KT,LG,잠실,서울,LG
2017,04,15,5,17,키움,KIA,광주,광주,KIA
2017,04,15,5,17,삼성,롯데,사직,부산,롯데
2017,04,15,5,17,SK,한화,대전,대전,SK
2017,04,15,5,17,두산,NC,마산,창원,두산
2017,04,15,5,17,KT,LG,잠실,서울,KT
2017,04,14,4,18,키움,KIA,광주,광주,KIA
2017,04,14,4,18,삼성,롯데,사직,부산,롯데
2017,04,14,4,18,SK,한화,대전,대전,SK
2017,04,14,4,18,두산,NC,마산,창원,두산
2017,04,14,4,18,KT,LG,잠실,서울,LG
2017,04,13,3,18,롯데,SK,문학,인천,SK
2017,04,13,3,18,LG,NC,마산,창원,NC
2017,04,13,3,18,KT,키움,고척,서울,KT
2017,04,13,3,18,KIA,두산,잠실,서울,KIA
2017,04,13,3,18,한화,삼성,대구,대구,삼성
2017,04,12,2,18,롯데,SK,문학,인천,SK
2017,04,12,2,18,LG,NC,마산,창원,NC
2017,04,12,2,18,KT,키움,고척,서울,키움
2017,04,12,2,18,KIA,두산,잠실,서울,KIA
2017,04,12,2,18,한화,삼성,대구,대구,한화
2017,04,11,1,18,롯데,SK,문학,인천,롯데
2017,04,11,1,18,LG,NC,마산,창원,NC
2017,04,11,1,18,KT,키움,고척,서울,키움
2017,04,11,1,18,KIA,두산,잠실,서울,두산
2017,04,11,1,18,한화,삼성,대구,대구,한화
2017,04,9,6,14,키움,두산,잠실,서울,키움
2017,04,9,6,14,삼성,KT,수원,수원,KT
2017,04,9,6,14,NC,SK,문학,인천,SK
2017,04,9,6,14,LG,롯데,사직,부산,롯데
2017,04,9,6,14,한화,KIA,광주,광주,KIA
2017,04,8,5,17,키움,두산,잠실,서울,키움
2017,04,8,5,17,삼성,KT,수원,수원,KT
2017,04,8,5,17,NC,SK,문학,인천,SK
2017,04,8,5,17,LG,롯데,사직,부산,롯데
2017,04,8,5,17,한화,KIA,광주,광주,한화
2017,04,7,4,18,키움,두산,잠실,서울,키움
2017,04,7,4,18,삼성,KT,수원,수원,KT
2017,04,7,4,18,NC,SK,문학,인천,NC
2017,04,7,4,18,LG,롯데,사직,부산,LG
2017,04,7,4,18,한화,KIA,광주,광주,KIA
2017,04,6,3,18,키움,롯데,사직,부산,롯데
2017,04,6,3,18,삼성,LG,잠실,서울,LG
2017,04,6,3,18,SK,KIA,광주,광주,KIA
2017,04,6,3,18,두산,KT,수원,수원,KT
2017,04,6,3,18,NC,한화,대전,대전,NC
2017,04,4,1,19,두산,KT,수원,수원,두산
2017,04,4,1,18,키움,롯데,사직,부산,롯데
2017,04,4,1,18,삼성,LG,잠실,서울,LG
2017,04,4,1,18,SK,KIA,광주,광주,KIA
2017,04,4,1,18,NC,한화,대전,대전,한화
2017,04,2,6,14,롯데,NC,마산,창원,롯데
2017,04,2,6,14,LG,키움,고척,서울,LG
2017,04,2,6,14,KT,SK,문학,인천,KT
2017,04,2,6,14,KIA,삼성,대구,대구,삼성
2017,04,2,6,14,한화,두산,잠실,서울,두산
2017,04,1,5,17,롯데,NC,마산,창원,롯데
2017,04,1,5,17,KT,SK,문학,인천,KT
2017,04,1,5,14,LG,키움,고척,서울,LG
2017,04,1,5,14,KIA,삼성,대구,대구,KIA
2017,04,1,5,14,한화,두산,잠실,서울,한화
