YEAR,MONTH,DAY,WEEKDAY,HOUR,TEAM1,TEAM2,STADIUM,LOCATION,WINNER,TEMPERATURE,RAINFALL,WINDSPEED,HUMLDITY
2019,9,30,0,18,SK,한화,대전,대전,SK,25,0,0,65
2019,9,30,0,18,롯데,LG,잠실,서울,LG,26,0,2,52
2019,9,29,6,14,키움,롯데,사직,부산,키움,27,0,3,79
2019,9,29,6,14,삼성,KT,수원,수원,KT,27,0,3,37
2019,9,29,6,14,SK,한화,대전,대전,SK,28,0,2,50
2019,9,29,6,14,두산,LG,잠실,서울,두산,27,0,3,31
2019,9,28,5,17,SK,삼성,대구,대구,삼성,26,0,2,74
2019,9,28,5,17,NC,KT,수원,수원,KT,26,0,2,64
2019,9,28,5,17,LG,KIA,광주,광주,KIA,28,0,0,67
2019,9,28,5,17,한화,두산,잠실,서울,두산,28,0,2,41
2019,9,27,4,18,SK,삼성,대구,대구,SK,24,0,3,74
2019,9,27,4,18,NC,LG,잠실,서울,NC,24,0,1,51
2019,9,26,3,18,두산,삼성,대구,대구,두산,23,0,3,65
2019,9,26,3,18,LG,KT,수원,수원,LG,24,0,2,64
2019,9,26,3,18,KIA,롯데,사직,부산,KIA,23,0,3,69
2019,9,26,3,18,한화,NC,창원,창원,한화,23,0,0,64
2019,9,25,2,18,삼성,SK,문학,인천,SK,21,0,2,71
2019,9,25,2,18,두산,롯데,사직,부산,두산,21,0,3,65
2019,9,25,2,18,한화,NC,창원,창원,한화,21,0,0,68
2019,9,24,1,18,키움,KIA,광주,광주,KIA,22,0,1,56
2019,9,24,1,18,삼성,LG,잠실,서울,삼성,23,0,2,42
2019,9,24,1,18,SK,KT,수원,수원,KT,22,0,2,46
2019,9,24,1,18,두산,NC,창원,창원,0,20,0,0,68
2019,9,23,0,18,NC,롯데,사직,부산,NC,17,0,2,98
2019,9,23,0,18,KIA,KT,수원,수원,KT,21,0,2,61
2019,9,23,0,18,한화,LG,잠실,서울,한화,23,0,2,43
2019,9,22,6,14,LG,두산,잠실,서울,LG,19,0,5,64
2019,9,21,5,17,삼성,KT,수원,수원,삼성,19,0,2,87
2019,9,21,5,17,KIA,두산,잠실,서울,두산,20,0,2,65
2019,9,20,4,18,키움,SK,문학,인천,키움,22,0,4,44
2019,9,20,4,18,삼성,한화,대전,대전,한화,21,0,3,68
2019,9,20,4,18,KT,롯데,사직,부산,KT,22,0,5,61
2019,9,20,4,18,KIA,두산,잠실,서울,두산,21,0,2,50
2019,9,19,3,18,두산,SK,문학,인천,두산,22,0,4,36
2019,9,19,3,18,LG,NC,창원,창원,NC,21,0,1,62
2019,9,19,3,18,KIA,삼성,대구,대구,삼성,23,0,3,49
2019,9,19,3,15,두산,SK,문학,인천,두산,24,0,3,46
2019,9,18,2,18,NC,SK,문학,인천,NC,20,0,5,34
2019,9,18,2,18,롯데,KIA,광주,광주,KIA,23,0,2,61
2019,9,17,1,18,키움,한화,대전,대전,한화,26,0,1,51
2019,9,17,1,18,NC,KIA,광주,광주,KIA,26,0,1,27
2019,9,16,0,18,키움,두산,잠실,서울,키움,28,0,3,34
2019,9,16,0,18,LG,KT,수원,수원,LG,27,0,2,42
2019,9,16,0,18,한화,삼성,대구,대구,한화,24,0,2,50
2019,9,15,6,14,삼성,NC,창원,창원,NC,29,0,2,59
2019,9,15,6,14,두산,LG,잠실,서울,LG,28,0,2,50
2019,9,15,6,14,롯데,한화,대전,대전,롯데,29,0,0,57
2019,9,15,6,14,KT,SK,문학,인천,KT,26,0,3,61
2019,9,14,5,17,키움,KT,수원,수원,KT,23,0,1,96
2019,9,14,5,17,삼성,NC,창원,창원,NC,26,0,2,60
2019,9,14,5,17,두산,SK,문학,인천,SK,23,0,2,86
2019,9,14,5,17,롯데,한화,대전,대전,한화,26,0,1,75
2019,9,14,5,17,KIA,LG,잠실,서울,LG,22,0,1,93
2019,9,13,4,14,SK,롯데,사직,부산,롯데,27,0,3,52
2019,9,13,4,14,NC,KT,수원,수원,NC,27,0,1,54
2019,9,13,4,14,LG,키움,고척,서울,LG,27,0,1,43
2019,9,13,4,14,KIA,두산,잠실,서울,두산,27,0,1,43
2019,9,13,4,14,한화,삼성,대구,대구,한화,24,0,4,58
2019,9,12,3,17,SK,롯데,사직,부산,SK,22,0,4,69
2019,9,12,3,17,NC,KT,수원,수원,NC,21,0,3,72
2019,9,12,3,17,LG,키움,고척,서울,키움,21,0,1,69
2019,9,12,3,17,KIA,두산,잠실,서울,두산,21,0,1,69
2019,9,11,2,18,키움,SK,문학,인천,키움,27,0,3,60
2019,9,11,2,18,NC,두산,잠실,서울,NC,26,0,3,61
2019,9,11,2,18,KT,삼성,대구,대구,삼성,24,0,5,72
2019,9,11,2,18,KIA,롯데,사직,부산,KIA,24,0,3,81
2019,9,10,1,18,KT,삼성,대구,대구,삼성,29,0,2,57
2019,9,10,1,18,KIA,롯데,사직,부산,롯데,27,0,3,77
2019,9,8,6,14,키움,KIA,광주,광주,키움,26,0,1,93
2019,9,8,6,14,SK,KT,수원,수원,KT,27,0,1,74
2019,9,8,6,14,두산,LG,잠실,서울,LG,27,0,2,66
2019,9,8,6,14,NC,삼성,대구,대구,삼성,29,0,1,57
2019,9,8,6,14,롯데,한화,대전,대전,롯데,28,0,0,69
2019,9,7,5,17,키움,KIA,광주,광주,키움,26,0,4,88
2019,9,7,5,17,NC,삼성,대구,대구,NC,28,0,2,62
2019,9,7,5,17,롯데,한화,대전,대전,한화,26,0,5,81
2019,9,6,4,19,한화,NC,창원,창원,NC,28,0,2,69
2019,9,6,4,18,삼성,키움,고척,서울,키움,27,0,2,75
2019,9,6,4,18,롯데,LG,잠실,서울,LG,27,0,2,75
2019,9,6,4,18,KIA,KT,수원,수원,KT,28,0,1,83
2019,9,5,3,18,삼성,키움,고척,서울,삼성,21,1,2,97
2019,9,5,3,18,한화,NC,창원,창원,한화,27,0,1,78
2019,9,4,2,18,삼성,롯데,사직,부산,삼성,25,0,1,87
2019,9,4,2,18,KIA,한화,대전,대전,KIA,26,0,1,88
2019,9,3,1,18,키움,두산,잠실,서울,키움,25,0,2,65
2019,9,3,1,18,삼성,롯데,사직,부산,삼성,23,0,2,89
2019,9,3,1,18,NC,SK,문학,인천,SK,26,0,3,66
2019,9,3,1,18,LG,KT,수원,수원,LG,24,0,2,79
2019,9,3,1,18,KIA,한화,대전,대전,KIA,23,0,0,94
2019,9,1,6,14,키움,NC,창원,창원,NC,26,0,1,62
2019,9,1,6,14,삼성,두산,잠실,서울,두산,27,0,2,40
2019,9,1,6,14,롯데,KIA,광주,광주,KIA,24,0,1,70
2019,9,1,6,14,LG,SK,문학,인천,SK,25,0,2,67
2019,9,1,6,14,KT,한화,대전,대전,한화,27,0,1,57
2018,9,30,6,14,SK,삼성,대구,대구,SK,26,0,5,31
2018,9,30,6,14,NC,키움,고척,서울,키움,21,0,4,32
2018,9,30,6,14,LG,두산,잠실,서울,두산,21,0,4,32
2018,9,30,6,14,롯데,KT,수원,수원,롯데,21,0,4,40
2018,9,30,6,14,한화,KIA,광주,광주,KIA,23,0,2,48
2018,9,29,5,17,SK,삼성,대구,대구,삼성,19,0,2,78
2018,9,29,5,17,NC,키움,고척,서울,키움,26,0,1,31
2018,9,29,5,17,LG,두산,잠실,서울,두산,26,0,1,31
2018,9,29,5,17,롯데,KT,수원,수원,롯데,24,0,1,42
2018,9,29,5,17,한화,KIA,광주,광주,KIA,23,0,1,56
2018,9,28,4,18,두산,한화,대전,대전,한화,19,0,0,72
2018,9,28,4,18,NC,SK,문학,인천,SK,20,0,1,59
2018,9,28,4,18,롯데,키움,고척,서울,키움,20,0,1,56
2018,9,28,4,18,KIA,LG,잠실,서울,KIA,20,0,1,56
2018,9,28,4,18,KT,삼성,대구,대구,0,19,0,3,59
2018,9,27,3,18,두산,한화,대전,대전,한화,21,0,1,50
2018,9,27,3,18,NC,SK,문학,인천,SK,21,0,3,46
2018,9,27,3,18,롯데,키움,고척,서울,롯데,22,0,0,38
2018,9,27,3,18,KIA,LG,잠실,서울,LG,22,0,0,38
2018,9,27,3,18,KT,삼성,대구,대구,삼성,19,0,4,50
2018,9,26,2,14,키움,두산,잠실,서울,두산,24,0,1,33
2018,9,26,2,14,삼성,한화,대전,대전,한화,22,0,2,58
2018,9,26,2,14,NC,롯데,사직,부산,롯데,22,0,5,59
2018,9,26,2,14,LG,SK,문학,인천,SK,24,0,2,37
2018,9,26,2,14,KIA,KT,수원,수원,KT,23,0,3,46
2018,9,25,1,14,키움,두산,잠실,서울,두산,23,0,1,28
2018,9,25,1,14,삼성,한화,대전,대전,삼성,23,0,2,46
2018,9,25,1,14,NC,롯데,사직,부산,롯데,23,0,3,49
2018,9,25,1,14,LG,SK,문학,인천,SK,22,0,4,29
2018,9,25,1,14,KIA,KT,수원,수원,KIA,22,0,2,38
2018,9,23,6,14,SK,키움,고척,서울,키움,24,0,1,40
2018,9,23,6,14,KT,LG,잠실,서울,LG,24,0,1,40
2018,9,23,6,14,두산,NC,마산,창원,NC,26,0,2,63
2018,9,23,6,14,롯데,삼성,대구,대구,삼성,26,0,0,34
2018,9,23,6,14,KIA,한화,대전,대전,한화,24,0,3,58
2018,9,22,5,17,SK,키움,고척,서울,키움,24,0,3,35
2018,9,22,5,17,KT,LG,잠실,서울,KT,24,0,3,35
2018,9,22,5,17,두산,NC,마산,창원,두산,24,0,0,80
2018,9,22,5,17,롯데,삼성,대구,대구,롯데,25,0,2,36
2018,9,22,5,17,KIA,한화,대전,대전,KIA,25,0,2,49
2018,9,21,4,18,삼성,키움,고척,서울,삼성,20,0,0,77
2018,9,21,4,18,두산,LG,잠실,서울,두산,20,0,0,77
2018,9,21,4,18,NC,KIA,광주,광주,KIA,21,0,0,98
2018,9,21,4,18,한화,SK,문학,인천,SK,21,0,2,79
2018,9,20,3,18,삼성,키움,고척,서울,키움,19,0,2,77
2018,9,20,3,18,두산,LG,잠실,서울,두산,19,0,2,77
2018,9,20,3,18,NC,KIA,광주,광주,KIA,21,0,0,99
2018,9,20,3,18,KT,롯데,사직,부산,롯데,20,0,2,85
2018,9,20,3,18,한화,SK,문학,인천,한화,19,0,5,81
2018,9,19,2,18,SK,KT,수원,수원,SK,23,0,0,64
2018,9,19,2,18,두산,키움,고척,서울,키움,24,0,2,55
2018,9,19,2,18,롯데,LG,잠실,서울,롯데,24,0,2,55
2018,9,19,2,18,KIA,삼성,대구,대구,삼성,24,0,1,61
2018,9,19,2,18,한화,NC,마산,창원,한화,23,0,1,93
2018,9,18,1,18,SK,KT,수원,수원,KT,23,0,3,51
2018,9,18,1,18,두산,키움,고척,서울,키움,24,0,1,48
2018,9,18,1,18,롯데,LG,잠실,서울,롯데,24,0,1,48
2018,9,18,1,18,KIA,삼성,대구,대구,KIA,27,0,2,33
2018,9,18,1,18,한화,NC,마산,창원,NC,24,0,0,91
2018,9,16,6,14,키움,롯데,사직,부산,키움,27,0,4,73
2018,9,16,6,14,삼성,KT,수원,수원,KT,24,0,2,74
2018,9,16,6,14,SK,KIA,광주,광주,KIA,26,0,1,77
2018,9,16,6,14,NC,두산,잠실,서울,두산,23,0,2,72
2018,9,16,6,14,LG,한화,대전,대전,한화,24,0,0,81
2018,9,15,5,17,키움,롯데,사직,부산,키움,23,0,1,84
2018,9,15,5,17,삼성,KT,수원,수원,삼성,22,0,0,89
2018,9,15,5,17,SK,KIA,광주,광주,KIA,26,0,2,85
2018,9,15,5,17,NC,두산,잠실,서울,NC,24,0,0,75
2018,9,15,5,17,LG,한화,대전,대전,LG,23,0,0,91
2018,9,14,4,18,키움,NC,마산,창원,NC,23,0,1,95
2018,9,14,4,18,LG,삼성,대구,대구,삼성,22,0,3,85
2018,9,14,4,18,KT,두산,잠실,서울,두산,25,0,1,57
2018,9,14,4,18,KIA,롯데,사직,부산,KIA,22,0,3,96
2018,9,13,3,18,LG,삼성,대구,대구,LG,22,0,2,77
2018,9,13,3,18,KT,두산,잠실,서울,두산,26,0,1,56
2018,9,12,2,18,키움,LG,잠실,서울,LG,27,0,1,44
2018,9,12,2,18,두산,롯데,사직,부산,두산,23,0,4,74
2018,9,12,2,18,KT,SK,문학,인천,SK,24,0,3,60
2018,9,12,2,18,KIA,NC,마산,창원,NC,24,0,1,78
2018,9,12,2,18,한화,삼성,대구,대구,한화,22,0,3,65
2018,9,11,1,18,키움,LG,잠실,서울,키움,24,0,0,45
2018,9,11,1,18,두산,롯데,사직,부산,두산,21,0,3,64
2018,9,11,1,18,KT,SK,문학,인천,SK,23,0,2,49
2018,9,11,1,18,KIA,NC,마산,창원,NC,22,0,3,59
2018,9,11,1,18,한화,삼성,대구,대구,한화,21,0,3,56
2018,9,9,6,14,삼성,KIA,광주,광주,삼성,26,0,2,41
2018,9,9,6,14,두산,SK,문학,인천,SK,25,0,2,46
2018,9,9,6,14,롯데,NC,마산,창원,NC,26,0,3,59
2018,9,9,6,14,KT,키움,고척,서울,키움,28,0,2,29
2018,9,9,6,14,한화,LG,잠실,서울,LG,28,0,2,29
2018,9,8,5,17,삼성,KIA,광주,광주,KIA,24,0,2,45
2018,9,8,5,17,두산,SK,문학,인천,두산,25,0,3,50
2018,9,8,5,17,롯데,NC,마산,창원,NC,21,0,0,75
2018,9,8,5,17,KT,키움,고척,서울,KT,27,0,1,35
2018,9,8,5,17,한화,LG,잠실,서울,LG,27,0,1,35
2018,9,7,4,18,키움,KIA,광주,광주,KIA,21,0,1,80
2018,9,7,4,18,두산,삼성,대구,대구,두산,24,0,1,49
2018,9,7,4,18,NC,LG,잠실,서울,NC,24,0,2,34
2018,9,7,4,18,한화,KT,수원,수원,KT,23,0,2,42
2018,9,6,3,18,키움,KIA,광주,광주,KIA,24,0,2,82
2018,9,6,3,18,두산,삼성,대구,대구,두산,24,0,1,53
2018,9,6,3,18,NC,LG,잠실,서울,LG,25,0,2,58
2018,9,6,3,18,한화,KT,수원,수원,한화,25,0,3,70
2018,9,5,2,18,키움,SK,문학,인천,SK,25,0,6,67
2018,9,5,2,18,삼성,NC,마산,창원,삼성,26,0,1,78
2018,9,5,2,18,롯데,한화,대전,대전,한화,26,0,1,52
2018,9,5,2,18,LG,KT,수원,수원,LG,25,0,4,63
2018,9,5,2,18,KIA,두산,잠실,서울,두산,27,0,2,45
2018,9,4,1,18,키움,SK,문학,인천,키움,25,0,7,52
2018,9,4,1,18,삼성,NC,마산,창원,삼성,27,0,1,67
2018,9,4,1,18,롯데,한화,대전,대전,한화,25,0,3,64
2018,9,4,1,18,LG,KT,수원,수원,KT,26,0,4,65
2018,9,4,1,18,KIA,두산,잠실,서울,KIA,26,0,2,53
2017,9,30,5,17,키움,NC,마산,창원,NC,23,0,2,42
2017,9,30,5,17,삼성,LG,잠실,서울,LG,25,0,2,53
2017,9,30,5,17,SK,한화,대전,대전,SK,25,0,1,47
2017,9,29,4,18,키움,NC,마산,창원,NC,18,0,0,38
2017,9,29,4,18,두산,LG,잠실,서울,두산,19,0,4,30
2017,9,29,4,18,롯데,SK,문학,인천,롯데,18,0,2,44
2017,9,29,4,18,KIA,한화,대전,대전,KIA,18,0,1,44
2017,9,28,3,18,LG,KT,수원,수원,LG,19,0,5,44
2017,9,28,3,18,KIA,한화,대전,대전,KIA,21,0,2,48
2017,9,27,2,18,두산,KT,수원,수원,KT,24,0,2,65
2017,9,27,2,18,NC,삼성,대구,대구,NC,19,0,1,97
2017,9,26,1,18,LG,KIA,광주,광주,KIA,27,0,2,57
2017,9,26,1,18,한화,롯데,사직,부산,롯데,22,0,3,74
2017,9,24,6,14,LG,NC,마산,창원,NC,28,0,1,53
2017,9,24,6,14,KT,두산,잠실,서울,두산,27,0,3,56
2017,9,24,6,14,한화,KIA,광주,광주,한화,27,0,1,60
2017,9,23,5,17,키움,롯데,사직,부산,롯데,24,0,2,62
2017,9,23,5,17,삼성,한화,대전,대전,한화,24,0,0,68
2017,9,23,5,17,LG,NC,마산,창원,LG,24,0,0,65
2017,9,23,5,17,KT,KIA,광주,광주,KIA,26,0,0,65
2017,9,22,4,18,두산,KIA,광주,광주,두산,25,0,0,60
2017,9,22,4,18,롯데,한화,대전,대전,롯데,24,0,1,56
2017,9,22,4,18,LG,삼성,대구,대구,LG,25,0,1,37
2017,9,21,3,18,키움,KT,수원,수원,키움,22,0,2,56
2017,9,21,3,18,LG,삼성,대구,대구,삼성,24,0,1,42
2017,9,20,2,18,SK,KIA,광주,광주,SK,21,0,1,54
2017,9,20,2,18,두산,NC,마산,창원,두산,22,0,1,62
2017,9,20,2,18,한화,LG,잠실,서울,한화,22,0,1,38
2017,9,19,1,18,SK,KIA,광주,광주,SK,25,0,3,76
2017,9,19,1,18,두산,롯데,사직,부산,두산,24,0,5,72
2017,9,19,1,18,KT,LG,잠실,서울,KT,24,0,4,77
2017,9,17,6,14,키움,NC,마산,창원,키움,25,0,2,73
2017,9,17,6,14,SK,롯데,사직,부산,롯데,23,0,5,83
2017,9,17,6,14,두산,삼성,대구,대구,두산,25,0,3,63
2017,9,17,6,14,KT,KIA,광주,광주,KIA,29,0,2,59
2017,9,17,6,14,한화,LG,잠실,서울,LG,28,0,4,36
2017,9,16,5,17,키움,NC,마산,창원,NC,24,0,4,66
2017,9,16,5,17,SK,롯데,사직,부산,롯데,22,0,5,69
2017,9,16,5,17,두산,삼성,대구,대구,두산,22,0,3,68
2017,9,16,5,17,KT,KIA,광주,광주,KIA,25,0,2,60
2017,9,16,5,17,한화,LG,잠실,서울,한화,26,0,3,42
2017,9,15,4,18,키움,한화,대전,대전,한화,22,0,3,56
2017,9,15,4,18,삼성,NC,마산,창원,삼성,22,0,3,54
2017,9,15,4,18,SK,두산,잠실,서울,SK,25,0,3,39
2017,9,15,4,18,LG,KT,수원,수원,KT,24,0,3,41
2017,9,15,4,18,KIA,롯데,사직,부산,롯데,21,0,5,56
2017,9,14,3,18,키움,한화,대전,대전,한화,25,0,2,54
2017,9,14,3,18,삼성,NC,마산,창원,0,25,0,3,52
2017,9,14,3,18,SK,두산,잠실,서울,SK,27,0,2,37
2017,9,14,3,18,LG,KT,수원,수원,KT,24,0,1,53
2017,9,14,3,18,KIA,롯데,사직,부산,KIA,22,0,3,59
2017,9,13,2,18,두산,NC,마산,창원,두산,24,0,2,54
2017,9,13,2,18,롯데,LG,잠실,서울,LG,25,0,3,37
2017,9,13,2,18,KT,키움,고척,서울,키움,25,0,3,37
2017,9,13,2,18,KIA,SK,문학,인천,SK,23,0,4,55
2017,9,13,2,18,한화,삼성,대구,대구,삼성,26,0,1,33
2017,9,12,1,18,두산,NC,마산,창원,두산,26,0,1,75
2017,9,12,1,18,롯데,LG,잠실,서울,롯데,25,0,3,34
2017,9,12,1,18,KT,키움,고척,서울,KT,25,0,3,34
2017,9,12,1,18,KIA,SK,문학,인천,KIA,24,0,5,37
2017,9,12,1,18,한화,삼성,대구,대구,한화,27,0,2,40
2017,9,10,6,14,키움,SK,문학,인천,SK,24,0,2,72
2017,9,10,6,14,삼성,KIA,광주,광주,삼성,28,0,3,49
2017,9,10,6,14,두산,LG,잠실,서울,두산,25,0,1,65
2017,9,10,6,14,NC,한화,대전,대전,NC,25,0,1,75
2017,9,10,6,14,롯데,KT,수원,수원,롯데,24,0,1,76
2017,9,9,5,17,키움,SK,문학,인천,SK,25,0,3,64
2017,9,9,5,17,삼성,KIA,광주,광주,KIA,28,0,1,58
2017,9,9,5,17,두산,LG,잠실,서울,LG,28,0,1,48
2017,9,9,5,17,NC,한화,대전,대전,한화,26,0,1,66
2017,9,9,5,17,롯데,KT,수원,수원,KT,26,0,2,64
2017,9,8,4,18,삼성,롯데,사직,부산,롯데,25,0,1,60
2017,9,8,4,18,SK,NC,마산,창원,NC,26,0,0,69
2017,9,8,4,18,LG,키움,고척,서울,LG,27,0,3,49
2017,9,8,4,18,KT,두산,잠실,서울,두산,27,0,3,49
2017,9,8,4,18,한화,KIA,광주,광주,KIA,26,0,1,57
2017,9,7,3,18,삼성,롯데,사직,부산,삼성,23,0,2,74
2017,9,7,3,18,SK,NC,마산,창원,NC,23,0,0,86
2017,9,7,3,18,LG,키움,고척,서울,0,26,0,3,64
2017,9,7,3,18,KT,두산,잠실,서울,KT,26,0,3,64
2017,9,7,3,18,한화,KIA,광주,광주,한화,25,0,1,75
2017,9,6,2,18,키움,KT,수원,수원,KT,19,0,0,92
2017,9,6,2,18,두산,한화,대전,대전,두산,21,0,0,90
2017,9,6,2,18,KIA,LG,잠실,서울,LG,20,0,0,80
2017,9,5,1,18,키움,KT,수원,수원,KT,22,0,1,73
2017,9,5,1,18,두산,한화,대전,대전,한화,21,0,0,84
2017,9,5,1,18,NC,삼성,대구,대구,삼성,20,0,1,95
2017,9,5,1,18,롯데,SK,문학,인천,SK,22,0,2,71
2017,9,5,1,18,KIA,LG,잠실,서울,LG,23,0,3,62
2017,9,3,6,14,삼성,두산,잠실,서울,두산,27,0,1,47
2017,9,3,6,14,KIA,키움,고척,서울,키움,27,0,1,47
2017,9,3,6,14,SK,KT,수원,수원,KT,27,0,1,44
2017,9,3,6,14,LG,NC,마산,창원,NC,27,0,1,49
2017,9,3,6,14,한화,롯데,사직,부산,롯데,26,0,4,49
2017,9,2,5,17,삼성,두산,잠실,서울,삼성,27,0,0,39
2017,9,2,5,17,KIA,키움,고척,서울,KIA,27,0,0,39
2017,9,2,5,17,SK,KT,수원,수원,SK,26,0,1,50
2017,9,2,5,17,LG,NC,마산,창원,NC,25,0,2,50
2017,9,2,5,17,한화,롯데,사직,부산,롯데,24,0,3,53
2017,9,1,4,18,키움,LG,잠실,서울,LG,27,0,3,40
2017,9,1,4,18,삼성,SK,문학,인천,SK,24,0,4,61
2017,9,1,4,18,두산,KIA,광주,광주,KIA,28,0,2,41
2017,9,1,4,18,NC,롯데,사직,부산,롯데,23,0,3,58
2017,9,1,4,18,KT,한화,대전,대전,KT,26,0,1,55
2019,8,31,5,18,키움,NC,창원,창원,키움,26,0,2,65
2019,8,31,5,18,삼성,두산,잠실,서울,두산,27,0,2,50
2019,8,31,5,18,롯데,KIA,광주,광주,KIA,25,0,2,61
2019,8,31,5,18,LG,SK,문학,인천,LG,24,0,3,67
2019,8,31,5,18,KT,한화,대전,대전,KT,26,0,1,58
2019,8,30,4,19,KIA,NC,창원,창원,KIA,24,0,1,71
2019,8,30,4,18,SK,삼성,대구,대구,SK,28,0,4,50
2019,8,30,4,18,두산,KT,수원,수원,두산,24,0,4,66
2019,8,30,4,18,롯데,키움,고척,서울,키움,23,0,1,69
2019,8,30,4,18,한화,LG,잠실,서울,한화,23,0,1,69
2019,8,29,3,18,SK,삼성,대구,대구,삼성,24,0,0,82
2019,8,29,3,18,두산,KT,수원,수원,KT,24,0,3,74
2019,8,29,3,18,롯데,키움,고척,서울,키움,25,0,3,63
2019,8,29,3,18,KIA,NC,창원,창원,NC,22,0,0,87
2019,8,28,2,18,삼성,KIA,광주,광주,KIA,26,0,1,81
2019,8,28,2,18,SK,두산,잠실,서울,두산,28,0,3,56
2019,8,28,2,18,KT,NC,창원,창원,KT,24,0,0,92
2019,8,27,1,18,삼성,KIA,광주,광주,삼성,23,0,0,97
2019,8,27,1,18,SK,두산,잠실,서울,두산,28,0,1,52
2019,8,27,1,18,KT,NC,창원,창원,NC,23,0,0,88
2019,8,25,6,18,NC,롯데,사직,부산,롯데,25,0,3,71
2019,8,25,6,17,키움,삼성,대구,대구,키움,29,0,2,50
2019,8,25,6,17,두산,한화,대전,대전,두산,29,0,0,54
2019,8,25,6,17,KT,LG,잠실,서울,KT,29,0,3,49
2019,8,25,6,17,KIA,SK,문학,인천,KIA,27,0,4,53
2019,8,24,5,18,키움,삼성,대구,대구,삼성,25,0,0,64
2019,8,24,5,18,두산,한화,대전,대전,두산,26,0,1,68
2019,8,24,5,18,NC,롯데,사직,부산,NC,26,0,3,60
2019,8,24,5,18,KT,LG,잠실,서울,LG,27,0,1,50
2019,8,24,5,18,KIA,SK,문학,인천,SK,26,0,2,62
2019,8,23,4,18,두산,삼성,대구,대구,두산,29,0,2,51
2019,8,23,4,18,NC,LG,잠실,서울,LG,28,0,3,51
2019,8,23,4,18,KIA,키움,고척,서울,키움,28,0,3,51
2019,8,23,4,18,롯데,KT,수원,수원,0,27,0,4,50
2019,8,23,4,18,한화,SK,문학,인천,SK,27,0,4,58
2019,8,22,3,18,두산,삼성,대구,대구,두산,29,0,2,70
2019,8,22,3,18,NC,LG,잠실,서울,NC,28,0,3,60
2019,8,22,3,18,KIA,키움,고척,서울,0,28,0,3,60
2019,8,22,3,18,롯데,KT,수원,수원,KT,27,0,3,63
2019,8,22,3,18,한화,SK,문학,인천,SK,27,0,3,70
2019,8,21,2,18,키움,KT,수원,수원,키움,28,0,2,50
2019,8,21,2,18,롯데,SK,문학,인천,SK,27,0,2,80
2019,8,21,2,18,KIA,LG,잠실,서울,LG,27,0,3,73
2019,8,20,1,18,키움,KT,수원,수원,KT,30,0,3,35
2019,8,20,1,18,삼성,한화,대전,대전,삼성,30,0,2,62
2019,8,20,1,18,두산,NC,창원,창원,NC,28,0,1,61
2019,8,20,1,18,롯데,SK,문학,인천,SK,30,0,2,56
2019,8,20,1,18,KIA,LG,잠실,서울,LG,31,0,1,46
2019,8,18,6,17,SK,NC,창원,창원,NC,30,0,2,63
2019,8,18,6,17,롯데,두산,잠실,서울,두산,29,0,2,49
2019,8,18,6,17,한화,키움,고척,서울,한화,29,0,2,49
2019,8,18,6,17,LG,삼성,대구,대구,LG,32,0,3,37
2019,8,18,6,17,KT,KIA,광주,광주,KT,30,0,1,45
2019,8,17,5,18,SK,NC,창원,창원,NC,28,0,2,69
2019,8,17,5,18,롯데,두산,잠실,서울,두산,28,0,2,48
2019,8,17,5,18,한화,키움,고척,서울,한화,28,0,2,48
2019,8,17,5,18,LG,삼성,대구,대구,삼성,33,0,4,42
2019,8,17,5,18,KT,KIA,광주,광주,KT,28,0,4,77
2019,8,16,4,18,삼성,KT,수원,수원,KT,27,0,3,69
2019,8,16,4,18,SK,KIA,광주,광주,KIA,28,0,1,74
2019,8,16,4,18,NC,키움,고척,서울,키움,28,0,3,61
2019,8,16,4,18,LG,두산,잠실,서울,두산,28,0,3,61
2019,8,16,4,18,한화,롯데,사직,부산,한화,28,0,4,73
2019,8,15,3,18,한화,롯데,사직,부산,롯데,27,0,3,87
2019,8,15,3,17,SK,KIA,광주,광주,SK,28,0,1,79
2019,8,15,3,17,NC,키움,고척,서울,키움,25,0,1,88
2019,8,14,2,18,키움,LG,잠실,서울,키움,32,0,1,54
2019,8,14,2,18,두산,KIA,광주,광주,KIA,32,0,2,70
2019,8,14,2,18,NC,한화,대전,대전,한화,32,0,4,63
2019,8,14,2,18,KT,롯데,사직,부산,KT,30,0,4,67
2019,8,13,1,18,키움,LG,잠실,서울,LG,33,0,2,61
2019,8,13,1,18,삼성,SK,문학,인천,SK,31,0,2,69
2019,8,13,1,18,두산,KIA,광주,광주,두산,31,0,3,70
2019,8,13,1,18,NC,한화,대전,대전,NC,31,0,0,75
2019,8,13,1,18,KT,롯데,사직,부산,롯데,33,0,4,53
2019,8,11,6,17,SK,LG,잠실,서울,LG,34,0,2,39
2019,8,11,6,17,두산,키움,고척,서울,두산,34,0,2,39
2019,8,11,6,17,롯데,NC,창원,창원,NC,29,0,2,68
2019,8,11,6,17,KIA,삼성,대구,대구,삼성,32,0,5,54
2019,8,11,6,17,한화,KT,수원,수원,한화,33,0,5,35
2019,8,10,5,18,SK,LG,잠실,서울,SK,35,0,2,44
2019,8,10,5,18,두산,키움,고척,서울,키움,35,0,2,44
2019,8,10,5,18,롯데,NC,창원,창원,NC,31,0,3,51
2019,8,10,5,18,KIA,삼성,대구,대구,KIA,30,0,5,62
2019,8,10,5,18,한화,KT,수원,수원,KT,34,0,3,44
2019,8,9,4,19,LG,NC,창원,창원,LG,28,0,1,71
2019,8,9,4,18,SK,키움,고척,서울,키움,33,0,2,58
2019,8,9,4,18,KT,두산,잠실,서울,두산,33,0,2,58
2019,8,9,4,18,롯데,삼성,대구,대구,롯데,34,0,1,49
2019,8,9,4,18,한화,KIA,광주,광주,KIA,31,0,1,66
2019,8,8,3,18,SK,키움,고척,서울,SK,30,0,2,65
2019,8,8,3,18,KT,두산,잠실,서울,두산,30,0,2,65
2019,8,8,3,18,롯데,삼성,대구,대구,롯데,29,0,0,66
2019,8,8,3,18,LG,NC,창원,창원,NC,31,0,2,57
2019,8,8,3,18,한화,KIA,광주,광주,KIA,30,0,1,70
2019,8,7,2,18,삼성,NC,창원,창원,NC,29,0,2,69
2019,8,7,2,18,LG,KIA,광주,광주,KIA,30,0,4,69
2019,8,7,2,18,KT,SK,문학,인천,SK,29,0,3,63
2019,8,7,2,18,한화,두산,잠실,서울,한화,30,0,0,64
2019,8,6,1,18,LG,KIA,광주,광주,LG,30,0,3,63
2019,8,6,1,18,KT,SK,문학,인천,KT,33,0,3,57
2019,8,6,1,18,한화,두산,잠실,서울,두산,34,0,2,43
2019,8,4,6,18,두산,롯데,사직,부산,롯데,29,0,3,75
2019,8,4,6,17,삼성,LG,잠실,서울,삼성,31,0,1,70
2019,8,4,6,17,KT,키움,고척,서울,KT,31,0,1,70
2019,8,4,6,17,SK,한화,대전,대전,한화,34,0,0,57
2019,8,4,6,17,NC,KIA,광주,광주,KIA,33,0,3,58
2019,8,3,5,18,삼성,LG,잠실,서울,LG,29,0,2,68
2019,8,3,5,18,KT,키움,고척,서울,KT,29,0,2,68
2019,8,3,5,18,SK,한화,대전,대전,SK,31,0,0,71
2019,8,3,5,18,두산,롯데,사직,부산,롯데,30,0,1,71
2019,8,3,5,18,NC,KIA,광주,광주,KIA,32,0,3,55
2019,8,1,3,18,키움,LG,잠실,서울,LG,28,0,2,77
2019,8,1,3,18,두산,NC,창원,창원,두산,30,0,1,66
2019,8,1,3,18,롯데,삼성,대구,대구,롯데,34,0,2,52
2019,8,1,3,18,KIA,SK,문학,인천,SK,27,0,3,86
2019,8,1,3,18,한화,KT,수원,수원,한화,29,0,2,76
2018,8,16,3,18,키움,두산,잠실,서울,두산,32,0,2,40
2018,8,16,3,18,NC,KT,수원,수원,KT,31,0,4,47
2018,8,16,3,18,LG,SK,문학,인천,LG,32,0,6,43
2018,8,16,3,18,KIA,롯데,사직,부산,롯데,25,0,4,85
2018,8,16,3,18,한화,삼성,대구,대구,삼성,25,0,4,72
2018,8,15,2,18,키움,삼성,대구,대구,키움,28,0,3,67
2018,8,15,2,18,SK,두산,잠실,서울,SK,32,0,2,63
2018,8,15,2,18,NC,KT,수원,수원,NC,35,0,3,56
2018,8,15,2,18,LG,KIA,광주,광주,LG,30,0,3,72
2018,8,14,1,18,키움,삼성,대구,대구,키움,35,0,4,40
2018,8,14,1,18,SK,두산,잠실,서울,두산,33,0,2,53
2018,8,14,1,18,NC,KT,수원,수원,KT,33,0,2,53
2018,8,14,1,18,LG,KIA,광주,광주,KIA,35,0,2,53
2018,8,14,1,18,한화,롯데,사직,부산,롯데,30,0,2,65
2018,8,12,6,18,NC,삼성,대구,대구,삼성,31,0,1,63
2018,8,12,6,18,롯데,두산,잠실,서울,롯데,33,0,1,49
2018,8,12,6,18,LG,키움,고척,서울,키움,33,0,1,49
2018,8,12,6,18,KT,한화,대전,대전,한화,32,0,1,66
2018,8,12,6,18,KIA,SK,문학,인천,KIA,31,0,3,67
2018,8,11,5,18,NC,삼성,대구,대구,NC,27,0,3,66
2018,8,11,5,18,롯데,두산,잠실,서울,두산,34,0,1,40
2018,8,11,5,18,LG,키움,고척,서울,키움,34,0,1,40
2018,8,11,5,18,KT,한화,대전,대전,한화,32,0,3,60
2018,8,11,5,18,KIA,SK,문학,인천,KIA,32,0,3,63
2018,8,10,4,18,삼성,LG,잠실,서울,LG,35,0,2,44
2018,8,10,4,18,SK,NC,마산,창원,SK,27,0,2,91
2018,8,10,4,18,두산,KT,수원,수원,KT,34,0,2,48
2018,8,9,3,18,삼성,LG,잠실,서울,삼성,28,0,2,86
2018,8,9,3,18,SK,NC,마산,창원,NC,28,0,2,81
2018,8,9,3,18,두산,KT,수원,수원,두산,30,0,3,69
2018,8,9,3,18,롯데,KIA,광주,광주,롯데,32,0,2,62
2018,8,8,2,18,삼성,SK,문학,인천,SK,31,0,2,71
2018,8,8,2,18,KT,NC,마산,창원,NC,28,0,2,79
2018,8,8,2,18,KIA,키움,고척,서울,키움,34,0,2,45
2018,8,8,2,18,한화,두산,잠실,서울,한화,34,0,2,45
2018,8,7,1,18,삼성,SK,문학,인천,삼성,32,0,3,61
2018,8,7,1,18,KT,NC,마산,창원,KT,29,0,2,77
2018,8,7,1,18,KIA,키움,고척,서울,키움,34,0,3,50
2018,8,7,1,18,한화,두산,잠실,서울,두산,34,0,3,50
2018,8,5,6,18,키움,KT,수원,수원,키움,31,0,3,67
2018,8,5,6,18,삼성,롯데,사직,부산,삼성,31,0,3,67
2018,8,5,6,18,SK,LG,잠실,서울,SK,31,0,4,63
2018,8,5,6,18,두산,KIA,광주,광주,KIA,33,0,2,55
2018,8,5,6,18,NC,한화,대전,대전,NC,33,0,3,61
2018,8,4,5,18,키움,KT,수원,수원,키움,31,0,3,61
2018,8,4,5,18,삼성,롯데,사직,부산,롯데,31,0,5,69
2018,8,4,5,18,SK,LG,잠실,서울,SK,33,0,3,52
2018,8,4,5,18,두산,KIA,광주,광주,KIA,31,0,1,73
2018,8,4,5,18,NC,한화,대전,대전,NC,32,0,1,67
2018,8,2,3,18,키움,SK,문학,인천,키움,34,0,2,53
2018,8,2,3,18,NC,삼성,대구,대구,삼성,34,0,5,45
2018,8,2,3,18,롯데,KIA,광주,광주,롯데,34,0,2,52
2018,8,2,3,18,LG,두산,잠실,서울,두산,36,0,2,47
2018,8,2,3,18,KT,한화,대전,대전,한화,37,0,2,45
2018,8,1,2,18,키움,SK,문학,인천,SK,33,0,2,58
2018,8,1,2,18,NC,삼성,대구,대구,NC,34,0,4,38
2018,8,1,2,18,롯데,KIA,광주,광주,KIA,35,0,1,51
2018,8,1,2,18,LG,두산,잠실,서울,두산,37,0,3,47
2018,8,1,2,18,KT,한화,대전,대전,한화,37,0,2,41
2017,8,31,3,18,키움,LG,잠실,서울,키움,26,0,2,42
2017,8,31,3,18,삼성,SK,문학,인천,SK,24,0,4,50
2017,8,31,3,18,두산,KIA,광주,광주,KIA,25,0,2,57
2017,8,31,3,18,NC,롯데,사직,부산,롯데,24,0,3,52
2017,8,31,3,18,KT,한화,대전,대전,한화,24,0,1,55
2017,8,30,2,18,SK,키움,고척,서울,키움,23,0,2,61
2017,8,30,2,18,롯데,두산,잠실,서울,롯데,23,0,2,61
2017,8,30,2,18,NC,KT,수원,수원,KT,22,0,2,66
2017,8,30,2,18,LG,한화,대전,대전,LG,20,0,0,74
2017,8,30,2,18,KIA,삼성,대구,대구,KIA,23,0,3,46
2017,8,29,1,18,SK,키움,고척,서울,키움,22,0,4,34
2017,8,29,1,18,롯데,두산,잠실,서울,두산,22,0,4,34
2017,8,29,1,18,NC,KT,수원,수원,NC,21,0,3,37
2017,8,29,1,18,LG,한화,대전,대전,한화,22,0,2,50
2017,8,29,1,18,KIA,삼성,대구,대구,KIA,28,0,2,28
2017,8,27,6,18,키움,롯데,사직,부산,키움,26,0,2,57
2017,8,27,6,18,LG,두산,잠실,서울,0,24,0,2,59
2017,8,27,6,18,KT,삼성,대구,대구,KT,28,0,2,44
2017,8,27,6,18,KIA,NC,마산,창원,NC,26,0,1,64
2017,8,27,6,18,한화,SK,문학,인천,SK,24,0,1,69
2017,8,26,5,18,키움,롯데,사직,부산,롯데,26,0,1,36
2017,8,26,5,18,LG,두산,잠실,서울,두산,28,0,3,39
2017,8,26,5,18,KT,삼성,대구,대구,삼성,28,0,2,29
2017,8,26,5,18,KIA,NC,마산,창원,KIA,27,0,2,58
2017,8,26,5,18,한화,SK,문학,인천,SK,26,0,3,48
2017,8,25,4,18,키움,두산,잠실,서울,두산,28,0,4,35
2017,8,25,4,18,SK,삼성,대구,대구,SK,31,0,3,32
2017,8,25,4,18,LG,롯데,사직,부산,롯데,26,0,2,79
2017,8,25,4,18,KT,NC,마산,창원,NC,28,0,2,85
2017,8,25,4,18,KIA,한화,대전,대전,한화,29,0,2,50
2017,8,24,3,18,키움,두산,잠실,서울,두산,26,0,3,79
2017,8,24,3,18,SK,삼성,대구,대구,SK,33,0,5,53
2017,8,24,3,18,LG,롯데,사직,부산,롯데,29,0,6,71
2017,8,24,3,18,KT,NC,마산,창원,NC,30,0,2,80
2017,8,23,2,18,삼성,키움,고척,서울,키움,28,0,5,79
2017,8,23,2,18,NC,LG,잠실,서울,LG,28,0,5,79
2017,8,23,2,18,두산,SK,문학,인천,두산,27,0,4,94
2017,8,23,2,18,롯데,KIA,광주,광주,롯데,31,0,4,75
2017,8,23,2,18,한화,KT,수원,수원,한화,29,0,3,85
2017,8,22,1,18,삼성,키움,고척,서울,키움,30,0,2,53
2017,8,22,1,18,NC,LG,잠실,서울,NC,30,0,2,53
2017,8,22,1,18,두산,SK,문학,인천,두산,28,0,2,70
2017,8,22,1,18,롯데,KIA,광주,광주,롯데,27,0,1,95
2017,8,22,1,18,한화,KT,수원,수원,한화,28,0,2,74
2017,8,20,6,18,두산,KT,수원,수원,KT,24,3,3,98
2017,8,20,6,18,NC,키움,고척,서울,NC,23,1,3,91
2017,8,20,6,18,롯데,한화,대전,대전,롯데,27,0,3,79
2017,8,19,5,18,삼성,LG,잠실,서울,LG,27,0,1,67
2017,8,19,5,18,NC,키움,고척,서울,키움,27,0,1,67
2017,8,19,5,18,SK,KIA,광주,광주,SK,28,0,3,82
2017,8,19,5,18,두산,KT,수원,수원,두산,27,0,1,79
2017,8,19,5,18,롯데,한화,대전,대전,한화,25,0,0,97
2017,8,18,4,18,삼성,KT,수원,수원,삼성,28,0,2,69
2017,8,18,4,18,롯데,키움,고척,서울,롯데,29,0,2,62
2017,8,18,4,18,KIA,두산,잠실,서울,두산,29,0,2,62
2017,8,18,4,18,LG,SK,문학,인천,SK,27,0,2,68
2017,8,18,4,18,한화,NC,마산,창원,한화,27,0,3,89
2017,8,17,3,18,삼성,KT,수원,수원,삼성,28,0,1,74
2017,8,17,3,18,롯데,키움,고척,서울,롯데,27,0,0,70
2017,8,17,3,18,KIA,두산,잠실,서울,두산,27,0,0,70
2017,8,17,3,18,LG,SK,문학,인천,SK,27,0,3,74
2017,8,17,3,18,한화,NC,마산,창원,NC,27,0,3,90
2017,8,16,2,18,키움,삼성,대구,대구,키움,27,0,4,73
2017,8,16,2,18,SK,한화,대전,대전,한화,27,0,1,85
2017,8,16,2,18,두산,롯데,사직,부산,롯데,26,0,3,87
2017,8,16,2,18,NC,KIA,광주,광주,KIA,28,0,1,70
2017,8,16,2,18,KT,LG,잠실,서울,LG,25,0,3,73
2017,8,15,1,18,두산,롯데,사직,부산,롯데,26,0,2,81
2017,8,15,1,18,NC,KIA,광주,광주,KIA,27,0,2,98
2017,8,13,6,18,NC,두산,잠실,서울,두산,28,0,3,54
2017,8,13,6,18,한화,키움,고척,서울,키움,28,0,3,54
2017,8,13,6,18,롯데,삼성,대구,대구,롯데,24,0,3,78
2017,8,13,6,18,KT,SK,문학,인천,KT,27,0,3,62
2017,8,12,5,18,NC,두산,잠실,서울,두산,31,0,0,48
2017,8,12,5,18,한화,키움,고척,서울,한화,31,0,0,48
2017,8,12,5,18,롯데,삼성,대구,대구,삼성,26,0,4,71
2017,8,12,5,18,LG,KIA,광주,광주,KIA,28,0,2,78
2017,8,12,5,18,KT,SK,문학,인천,SK,29,0,2,65
2017,8,11,4,18,삼성,한화,대전,대전,한화,27,0,2,79
2017,8,11,4,18,SK,LG,잠실,서울,LG,29,0,2,68
2017,8,11,4,18,두산,키움,고척,서울,키움,29,0,2,68
2017,8,11,4,18,롯데,NC,마산,창원,롯데,28,0,3,80
2017,8,11,4,18,KIA,KT,수원,수원,KT,25,0,0,96
2017,8,10,3,18,SK,LG,잠실,서울,SK,25,0,1,90
2017,8,10,3,18,두산,키움,고척,서울,두산,25,0,1,90
2017,8,10,3,18,롯데,NC,마산,창원,NC,30,0,0,77
2017,8,9,2,18,키움,KIA,광주,광주,KIA,28,0,1,91
2017,8,9,2,18,NC,SK,문학,인천,NC,29,0,2,64
2017,8,9,2,18,LG,삼성,대구,대구,삼성,27,0,3,85
2017,8,9,2,18,KT,롯데,사직,부산,롯데,27,0,0,90
2017,8,9,2,18,한화,두산,잠실,서울,한화,30,0,1,56
2017,8,8,1,18,키움,KIA,광주,광주,키움,30,0,2,76
2017,8,8,1,18,NC,SK,문학,인천,SK,27,0,1,77
2017,8,8,1,18,LG,삼성,대구,대구,LG,32,0,2,44
2017,8,8,1,18,KT,롯데,사직,부산,롯데,30,0,5,67
2017,8,8,1,18,한화,두산,잠실,서울,두산,30,0,2,45
2017,8,6,6,18,키움,롯데,사직,부산,롯데,32,0,2,56
2017,8,6,6,18,삼성,NC,마산,창원,NC,35,0,1,54
2017,8,6,6,18,SK,KT,수원,수원,KT,30,0,2,72
2017,8,6,6,18,두산,LG,잠실,서울,두산,32,0,2,62
2017,8,5,5,18,키움,롯데,사직,부산,롯데,32,0,2,62
2017,8,5,5,18,삼성,NC,마산,창원,삼성,34,0,2,57
2017,8,5,5,18,SK,KT,수원,수원,KT,33,0,1,62
2017,8,5,5,18,두산,LG,잠실,서울,두산,34,0,2,57
2017,8,5,5,18,KIA,한화,대전,대전,KIA,34,0,2,61
2017,8,4,4,18,키움,롯데,사직,부산,롯데,31,0,2,64
2017,8,4,4,18,삼성,NC,마산,창원,삼성,33,0,2,62
2017,8,4,4,18,SK,KT,수원,수원,SK,33,0,0,52
2017,8,4,4,18,두산,LG,잠실,서울,두산,34,0,2,50
2017,8,4,4,18,KIA,한화,대전,대전,한화,33,0,1,65
2017,8,3,3,18,SK,키움,고척,서울,키움,32,0,3,48
2017,8,3,3,18,롯데,LG,잠실,서울,LG,32,0,3,48
2017,8,3,3,18,두산,삼성,대구,대구,두산,29,0,5,66
2017,8,3,3,18,KT,KIA,광주,광주,KIA,32,0,3,63
2017,8,3,3,18,한화,NC,마산,창원,NC,31,0,2,69
2017,8,2,2,18,SK,키움,고척,서울,키움,32,0,1,60
2017,8,2,2,18,롯데,LG,잠실,서울,LG,32,0,1,60
2017,8,2,2,18,두산,삼성,대구,대구,두산,30,0,4,63
2017,8,2,2,18,한화,NC,마산,창원,한화,28,0,2,80
2017,8,1,1,18,SK,키움,고척,서울,키움,32,0,1,59
2017,8,1,1,18,롯데,LG,잠실,서울,LG,32,0,1,59
2017,8,1,1,18,두산,삼성,대구,대구,두산,31,0,2,63
2017,8,1,1,18,KT,KIA,광주,광주,KT,29,0,1,96
2017,8,1,1,18,한화,NC,마산,창원,NC,28,0,3,86
2019,7,31,2,18,키움,LG,잠실,서울,키움,26,0,0,94
2019,7,31,2,18,두산,NC,창원,창원,NC,30,0,2,69
2019,7,31,2,18,롯데,삼성,대구,대구,롯데,34,0,3,49
2019,7,31,2,18,KIA,SK,문학,인천,KIA,25,0,0,98
2019,7,31,2,18,한화,KT,수원,수원,한화,28,0,3,84
2019,7,30,1,18,키움,LG,잠실,서울,키움,28,0,4,78
2019,7,30,1,18,두산,NC,창원,창원,두산,28,0,1,76
2019,7,30,1,18,롯데,삼성,대구,대구,삼성,33,0,3,57
2019,7,30,1,18,KIA,SK,문학,인천,KIA,27,0,4,86
2019,7,30,1,18,한화,KT,수원,수원,KT,29,0,3,79
2019,7,28,6,18,SK,롯데,사직,부산,SK,27,0,5,83
2019,7,28,6,18,NC,키움,고척,서울,NC,25,1,2,92
2019,7,28,6,18,LG,KT,수원,수원,LG,27,0,3,82
2019,7,28,6,18,한화,삼성,대구,대구,삼성,30,0,2,64
2019,7,27,5,18,SK,롯데,사직,부산,SK,26,6,4,100
2019,7,27,5,18,NC,키움,고척,서울,키움,30,0,1,69
2019,7,27,5,18,KIA,두산,잠실,서울,두산,30,0,1,69
2019,7,27,5,18,LG,KT,수원,수원,LG,30,0,3,80
2019,7,27,5,18,한화,삼성,대구,대구,삼성,30,0,1,73
2019,7,26,4,19,SK,롯데,사직,부산,SK,26,0,6,95
2019,7,26,4,18,NC,키움,고척,서울,키움,25,0,2,93
2019,7,26,4,18,한화,삼성,대구,대구,삼성,29,0,2,70
2019,7,18,3,18,삼성,키움,고척,서울,키움,30,0,1,53
2019,7,18,3,18,KT,두산,잠실,서울,KT,30,0,1,53
2019,7,18,3,18,롯데,KIA,광주,광주,롯데,25,0,2,85
2019,7,18,3,18,LG,SK,문학,인천,LG,28,0,2,59
2019,7,17,2,18,삼성,키움,고척,서울,키움,28,0,2,61
2019,7,17,2,18,KT,두산,잠실,서울,KT,28,0,2,61
2019,7,17,2,18,롯데,KIA,광주,광주,KIA,27,0,0,67
2019,7,17,2,18,LG,SK,문학,인천,SK,27,0,0,65
2019,7,16,1,18,삼성,키움,고척,서울,키움,28,0,2,61
2019,7,16,1,18,KT,두산,잠실,서울,KT,28,0,2,61
2019,7,16,1,18,LG,SK,문학,인천,SK,26,0,2,74
2019,7,14,6,18,키움,SK,문학,인천,SK,26,0,2,69
2019,7,14,6,18,삼성,LG,잠실,서울,LG,30,0,2,45
2019,7,14,6,18,두산,롯데,사직,부산,두산,24,0,2,71
2019,7,14,6,18,KT,NC,창원,창원,KT,23,0,2,73
2019,7,14,6,18,한화,KIA,광주,광주,KIA,28,0,2,65
2019,7,13,5,18,키움,SK,문학,인천,SK,24,0,2,77
2019,7,13,5,18,삼성,LG,잠실,서울,LG,27,0,2,58
2019,7,13,5,18,두산,롯데,사직,부산,두산,23,0,2,72
2019,7,13,5,18,KT,NC,창원,창원,KT,23,0,1,76
2019,7,13,5,18,한화,KIA,광주,광주,한화,26,0,0,65
2019,7,12,4,19,두산,롯데,사직,부산,롯데,24,0,3,69
2019,7,12,4,19,KT,NC,창원,창원,NC,25,0,2,68
2019,7,12,4,18,키움,SK,문학,인천,키움,23,0,2,84
2019,7,12,4,18,삼성,LG,잠실,서울,삼성,25,0,3,61
2019,7,12,4,18,한화,KIA,광주,광주,KIA,25,0,1,71
2019,7,11,3,18,키움,KT,수원,수원,키움,23,0,2,75
2019,7,11,3,18,SK,한화,대전,대전,SK,22,0,0,93
2019,7,11,3,18,두산,LG,잠실,서울,두산,22,0,1,71
2019,7,11,3,18,NC,롯데,사직,부산,NC,25,0,7,75
2019,7,11,3,18,KIA,삼성,대구,대구,삼성,27,0,2,69
2019,7,9,1,18,키움,KT,수원,수원,키움,28,0,2,47
2019,7,9,1,18,SK,한화,대전,대전,한화,26,0,3,57
2019,7,9,1,18,두산,LG,잠실,서울,두산,28,0,2,38
2019,7,9,1,18,NC,롯데,사직,부산,롯데,23,0,4,65
2019,7,9,1,18,KIA,삼성,대구,대구,삼성,22,0,6,66
2019,7,7,6,18,삼성,NC,창원,창원,삼성,24,0,1,62
2019,7,7,6,18,SK,두산,잠실,서울,두산,29,0,2,35
2019,7,7,6,18,롯데,키움,고척,서울,키움,29,0,2,35
2019,7,7,6,18,LG,KIA,광주,광주,LG,23,0,1,85
2019,7,7,6,18,KT,한화,대전,대전,KT,27,0,4,46
2019,7,6,5,18,삼성,NC,창원,창원,0,28,0,3,40
2019,7,6,5,18,SK,두산,잠실,서울,SK,34,0,2,28
2019,7,6,5,18,롯데,키움,고척,서울,키움,34,0,2,28
2019,7,6,5,18,LG,KIA,광주,광주,KIA,30,0,1,47
2019,7,6,5,18,KT,한화,대전,대전,한화,32,0,3,40
2019,7,5,4,19,삼성,NC,창원,창원,NC,23,0,1,76
2019,7,5,4,18,SK,두산,잠실,서울,SK,32,0,3,37
2019,7,5,4,18,롯데,키움,고척,서울,키움,32,0,3,37
2019,7,5,4,18,LG,KIA,광주,광주,KIA,29,0,1,50
2019,7,5,4,18,KT,한화,대전,대전,KT,33,0,3,40
2019,7,4,3,18,삼성,KT,수원,수원,KT,27,0,2,48
2019,7,4,3,18,두산,키움,고척,서울,두산,29,0,3,31
2019,7,4,3,18,한화,LG,잠실,서울,LG,29,0,3,31
2019,7,4,3,18,NC,KIA,광주,광주,NC,29,0,1,54
2019,7,4,3,18,롯데,SK,문학,인천,SK,25,0,4,60
2019,7,3,2,18,삼성,KT,수원,수원,KT,26,0,2,66
2019,7,3,2,18,두산,키움,고척,서울,두산,26,0,3,49
2019,7,3,2,18,한화,LG,잠실,서울,LG,26,0,3,49
2019,7,3,2,18,NC,KIA,광주,광주,NC,26,0,1,57
2019,7,3,2,18,롯데,SK,문학,인천,SK,23,0,2,83
2019,7,2,1,18,삼성,KT,수원,수원,KT,27,0,2,56
2019,7,2,1,18,두산,키움,고척,서울,키움,28,0,3,47
2019,7,2,1,18,한화,LG,잠실,서울,LG,28,0,3,47
2019,7,2,1,18,NC,KIA,광주,광주,KIA,26,0,1,62
2019,7,2,1,18,롯데,SK,문학,인천,SK,24,0,4,67
2018,7,31,1,18,키움,SK,문학,인천,키움,33,0,4,55
2018,7,31,1,18,NC,삼성,대구,대구,0,32,0,4,45
2018,7,31,1,18,롯데,KIA,광주,광주,KIA,33,0,1,54
2018,7,31,1,18,LG,두산,잠실,서울,두산,36,0,2,45
2018,7,31,1,18,KT,한화,대전,대전,KT,35,0,1,47
2018,7,29,6,18,SK,NC,마산,창원,NC,33,0,2,54
2018,7,29,6,18,롯데,키움,고척,서울,롯데,35,0,1,35
2018,7,29,6,18,한화,두산,잠실,서울,두산,35,0,1,35
2018,7,29,6,18,LG,KT,수원,수원,LG,34,0,4,41
2018,7,29,6,18,KIA,삼성,대구,대구,삼성,32,0,4,40
2018,7,28,5,18,SK,NC,마산,창원,SK,29,0,3,82
2018,7,28,5,18,롯데,키움,고척,서울,롯데,29,0,0,81
2018,7,28,5,18,한화,두산,잠실,서울,두산,29,0,0,81
2018,7,28,5,18,LG,KT,수원,수원,KT,29,0,1,88
2018,7,28,5,18,KIA,삼성,대구,대구,삼성,31,0,5,52
2018,7,27,4,18,SK,NC,마산,창원,NC,30,0,2,73
2018,7,27,4,18,롯데,키움,고척,서울,롯데,33,0,3,62
2018,7,27,4,18,한화,두산,잠실,서울,한화,33,0,3,62
2018,7,27,4,18,LG,KT,수원,수원,KT,32,0,3,65
2018,7,27,4,18,KIA,삼성,대구,대구,삼성,33,0,2,55
2018,7,26,3,18,삼성,LG,잠실,서울,LG,33,0,1,59
2018,7,26,3,18,KT,키움,고척,서울,KT,33,0,1,59
2018,7,26,3,18,두산,SK,문학,인천,SK,30,0,2,77
2018,7,26,3,18,NC,롯데,사직,부산,롯데,31,0,2,71
2018,7,26,3,18,KIA,한화,대전,대전,한화,34,0,1,60
2018,7,25,2,18,삼성,LG,잠실,서울,삼성,32,0,2,58
2018,7,25,2,18,KT,키움,고척,서울,키움,32,0,2,58
2018,7,25,2,18,두산,SK,문학,인천,SK,29,0,2,74
2018,7,25,2,18,NC,롯데,사직,부산,NC,30,0,3,70
2018,7,25,2,18,KIA,한화,대전,대전,KIA,33,0,2,62
2018,7,24,1,18,삼성,LG,잠실,서울,삼성,34,0,2,53
2018,7,24,1,18,KT,키움,고척,서울,KT,34,0,2,53
2018,7,24,1,18,두산,SK,문학,인천,SK,31,0,3,66
2018,7,24,1,18,NC,롯데,사직,부산,NC,29,0,4,71
2018,7,24,1,18,KIA,한화,대전,대전,한화,34,0,1,59
2018,7,22,6,18,키움,NC,마산,창원,키움,30,0,3,70
2018,7,22,6,18,SK,롯데,사직,부산,롯데,31,0,7,58
2018,7,22,6,18,두산,LG,잠실,서울,두산,36,0,3,35
2018,7,22,6,18,KT,KIA,광주,광주,KT,30,0,1,65
2018,7,22,6,18,한화,삼성,대구,대구,삼성,33,0,1,48
2018,7,21,5,18,키움,NC,마산,창원,키움,32,0,2,68
2018,7,21,5,18,SK,롯데,사직,부산,SK,30,0,1,71
2018,7,21,5,18,두산,LG,잠실,서울,두산,35,0,2,42
2018,7,21,5,18,KT,KIA,광주,광주,KIA,33,0,2,58
2018,7,21,5,18,한화,삼성,대구,대구,삼성,34,0,2,46
2018,7,20,4,18,키움,NC,마산,창원,NC,31,0,2,67
2018,7,20,4,18,SK,롯데,사직,부산,SK,30,0,2,72
2018,7,20,4,18,두산,LG,잠실,서울,두산,33,0,2,42
2018,7,20,4,18,KT,KIA,광주,광주,KIA,35,0,2,52
2018,7,20,4,18,한화,삼성,대구,대구,한화,35,0,2,37
2018,7,19,3,18,삼성,KIA,광주,광주,삼성,32,0,1,62
2018,7,19,3,18,NC,SK,문학,인천,SK,29,0,3,62
2018,7,19,3,18,롯데,두산,잠실,서울,두산,33,0,2,51
2018,7,19,3,18,LG,키움,고척,서울,LG,33,0,2,51
2018,7,19,3,18,한화,KT,수원,수원,KT,30,0,3,55
2018,7,18,2,18,삼성,KIA,광주,광주,삼성,32,0,1,60
2018,7,18,2,18,NC,SK,문학,인천,NC,28,0,4,71
2018,7,18,2,18,롯데,두산,잠실,서울,두산,32,0,2,50
2018,7,18,2,18,LG,키움,고척,서울,LG,32,0,2,50
2018,7,18,2,18,한화,KT,수원,수원,KT,30,0,2,63
2018,7,17,1,18,삼성,KIA,광주,광주,KIA,31,0,2,70
2018,7,17,1,18,NC,SK,문학,인천,SK,29,0,1,65
2018,7,17,1,18,롯데,두산,잠실,서울,롯데,31,0,2,55
2018,7,17,1,18,LG,키움,고척,서울,LG,31,0,2,55
2018,7,17,1,18,한화,KT,수원,수원,한화,29,0,4,63
2018,7,12,3,18,키움,한화,대전,대전,한화,32,0,2,65
2018,7,12,3,18,SK,LG,잠실,서울,SK,27,0,2,77
2018,7,12,3,18,두산,KT,수원,수원,KT,29,0,2,70
2018,7,12,3,18,KIA,NC,마산,창원,NC,29,0,1,80
2018,7,11,2,18,키움,한화,대전,대전,키움,32,0,1,66
2018,7,11,2,18,SK,LG,잠실,서울,LG,28,0,2,75
2018,7,11,2,18,두산,KT,수원,수원,두산,29,0,2,73
2018,7,11,2,18,KIA,NC,마산,창원,NC,29,0,2,77
2018,7,10,1,18,키움,한화,대전,대전,한화,30,0,1,68
2018,7,10,1,18,SK,LG,잠실,서울,SK,26,0,0,82
2018,7,10,1,18,두산,KT,수원,수원,KT,27,0,1,79
2018,7,10,1,18,KIA,NC,마산,창원,NC,26,0,2,89
2018,7,8,6,18,삼성,두산,잠실,서울,삼성,26,0,1,48
2018,7,8,6,18,NC,키움,고척,서울,NC,26,0,1,48
2018,7,8,6,18,LG,KIA,광주,광주,LG,25,0,2,74
2018,7,8,6,18,KT,롯데,사직,부산,롯데,20,0,3,78
2018,7,8,6,18,한화,SK,문학,인천,한화,25,0,2,50
2018,7,7,5,18,삼성,두산,잠실,서울,두산,27,0,1,48
2018,7,7,5,18,NC,키움,고척,서울,키움,27,0,1,48
2018,7,7,5,18,LG,KIA,광주,광주,LG,26,0,3,73
2018,7,7,5,18,KT,롯데,사직,부산,KT,20,0,4,74
2018,7,7,5,18,한화,SK,문학,인천,SK,26,0,4,61
2018,7,6,4,18,삼성,두산,잠실,서울,두산,25,0,2,52
2018,7,6,4,18,NC,키움,고척,서울,키움,25,0,2,52
2018,7,6,4,18,LG,KIA,광주,광주,KIA,24,0,3,82
2018,7,6,4,18,KT,롯데,사직,부산,롯데,20,0,5,87
2018,7,6,4,18,한화,SK,문학,인천,SK,26,0,2,61
2018,7,5,3,18,삼성,KT,수원,수원,0,27,0,1,77
2018,7,5,3,18,SK,키움,고척,서울,키움,26,0,1,71
2018,7,5,3,18,NC,LG,잠실,서울,NC,26,0,1,71
2018,7,5,3,18,두산,롯데,사직,부산,두산,23,0,2,89
2018,7,5,3,18,한화,KIA,광주,광주,한화,27,0,2,84
2018,7,4,2,18,삼성,KT,수원,수원,KT,27,0,3,75
2018,7,4,2,18,SK,키움,고척,서울,키움,30,0,2,60
2018,7,4,2,18,NC,LG,잠실,서울,LG,30,0,2,60
2018,7,4,2,18,두산,롯데,사직,부산,두산,24,0,4,90
2018,7,4,2,18,한화,KIA,광주,광주,KIA,28,0,1,74
2018,7,3,1,18,SK,키움,고척,서울,SK,32,0,1,57
2018,7,3,1,18,NC,LG,잠실,서울,NC,32,0,1,57
2018,7,3,1,18,한화,KIA,광주,광주,KIA,28,0,2,73
2018,7,1,6,18,키움,삼성,대구,대구,키움,28,0,1,62
2017,7,30,6,18,삼성,키움,고척,서울,키움,30,0,3,54
2017,7,30,6,18,KIA,두산,잠실,서울,두산,30,0,3,54
2017,7,30,6,18,NC,KT,수원,수원,NC,29,0,2,66
2017,7,30,6,18,롯데,SK,문학,인천,롯데,28,0,2,56
2017,7,30,6,18,LG,한화,대전,대전,LG,30,0,1,76
2017,7,29,5,18,삼성,키움,고척,서울,키움,29,0,2,63
2017,7,29,5,18,KIA,두산,잠실,서울,KIA,29,0,2,63
2017,7,29,5,18,NC,KT,수원,수원,KT,29,0,3,72
2017,7,29,5,18,롯데,SK,문학,인천,SK,29,0,2,68
2017,7,29,5,18,LG,한화,대전,대전,LG,28,0,4,81
2017,7,28,4,18,삼성,키움,고척,서울,삼성,26,0,2,89
2017,7,28,4,18,KIA,두산,잠실,서울,0,26,0,2,89
2017,7,28,4,18,NC,KT,수원,수원,NC,27,0,0,97
2017,7,28,4,18,롯데,SK,문학,인천,SK,26,0,2,92
2017,7,28,4,18,LG,한화,대전,대전,한화,30,0,1,77
2017,7,27,3,18,키움,LG,잠실,서울,LG,28,0,2,58
2017,7,27,3,18,SK,KIA,광주,광주,KIA,33,0,2,46
2017,7,27,3,18,두산,KT,수원,수원,두산,28,0,1,66
2017,7,27,3,18,NC,삼성,대구,대구,NC,32,0,2,38
2017,7,27,3,18,한화,롯데,사직,부산,한화,26,0,2,64
2017,7,26,2,18,키움,LG,잠실,서울,LG,31,0,2,45
2017,7,26,2,18,SK,KIA,광주,광주,KIA,31,0,3,61
2017,7,26,2,18,두산,KT,수원,수원,두산,30,0,2,53
2017,7,26,2,18,NC,삼성,대구,대구,삼성,28,0,5,40
2017,7,26,2,18,한화,롯데,사직,부산,롯데,27,0,2,59
2017,7,25,1,18,키움,LG,잠실,서울,키움,34,0,1,42
2017,7,25,1,18,SK,KIA,광주,광주,KIA,31,0,1,77
2017,7,25,1,18,두산,KT,수원,수원,두산,32,0,2,65
2017,7,25,1,18,NC,삼성,대구,대구,삼성,25,0,5,81
2017,7,23,6,18,SK,NC,마산,창원,NC,30,0,1,87
2017,7,23,6,18,롯데,KIA,광주,광주,롯데,31,0,3,81
2017,7,23,6,18,LG,삼성,대구,대구,삼성,31,0,1,62
2017,7,23,6,18,KT,키움,고척,서울,키움,28,0,2,82
2017,7,23,6,18,한화,두산,잠실,서울,두산,28,0,2,82
2017,7,22,5,18,SK,NC,마산,창원,NC,30,0,0,73
2017,7,22,5,18,롯데,KIA,광주,광주,롯데,31,0,2,82
2017,7,22,5,18,KT,키움,고척,서울,KT,31,0,2,66
2017,7,22,5,18,한화,두산,잠실,서울,두산,31,0,2,66
2017,7,21,4,18,SK,NC,마산,창원,NC,31,0,1,81
2017,7,21,4,18,롯데,KIA,광주,광주,롯데,33,0,2,76
2017,7,21,4,18,LG,삼성,대구,대구,LG,35,0,3,49
2017,7,21,4,18,KT,키움,고척,서울,키움,31,0,1,69
2017,7,21,4,18,한화,두산,잠실,서울,두산,31,0,1,69
2017,7,20,3,18,두산,SK,문학,인천,두산,29,0,3,74
2017,7,20,3,18,KT,LG,잠실,서울,LG,33,0,3,57
2017,7,20,3,18,KIA,키움,고척,서울,KIA,33,0,3,57
2017,7,19,2,18,두산,SK,문학,인천,SK,28,0,2,74
2017,7,19,2,18,KT,LG,잠실,서울,LG,30,0,3,66
2017,7,19,2,18,KIA,키움,고척,서울,키움,30,0,3,66
2017,7,18,1,18,두산,SK,문학,인천,두산,28,0,3,78
2017,7,18,1,18,KT,LG,잠실,서울,LG,30,0,2,63
2017,7,18,1,18,KIA,키움,고척,서울,KIA,30,0,2,63
2017,7,13,3,18,키움,두산,잠실,서울,두산,31,0,1,59
2017,7,13,3,18,삼성,KT,수원,수원,KT,30,0,1,63
2017,7,13,3,18,NC,KIA,광주,광주,KIA,32,0,1,57
2017,7,13,3,18,롯데,한화,대전,대전,한화,32,0,0,63
2017,7,13,3,18,LG,SK,문학,인천,LG,29,0,3,69
2017,7,12,2,18,키움,두산,잠실,서울,두산,29,0,3,62
2017,7,12,2,18,삼성,KT,수원,수원,삼성,29,0,2,75
2017,7,12,2,18,NC,KIA,광주,광주,KIA,32,0,1,71
2017,7,12,2,18,롯데,한화,대전,대전,롯데,31,0,1,65
2017,7,12,2,18,LG,SK,문학,인천,LG,27,0,2,73
2017,7,11,1,18,키움,두산,잠실,서울,키움,29,0,2,71
2017,7,11,1,18,삼성,KT,수원,수원,삼성,27,0,2,87
2017,7,11,1,18,NC,KIA,광주,광주,KIA,29,0,2,83
2017,7,11,1,18,롯데,한화,대전,대전,롯데,29,0,1,81
2017,7,11,1,18,LG,SK,문학,인천,SK,26,0,3,90
2017,7,9,6,18,키움,삼성,대구,대구,삼성,31,0,2,64
2017,7,9,6,18,SK,롯데,사직,부산,SK,24,0,5,94
2017,7,9,6,18,두산,NC,마산,창원,NC,28,0,3,83
2017,7,9,6,18,한화,LG,잠실,서울,LG,26,0,2,87
2017,7,8,5,18,키움,삼성,대구,대구,키움,28,0,1,76
2017,7,8,5,18,SK,롯데,사직,부산,롯데,25,0,2,90
2017,7,8,5,18,KIA,KT,수원,수원,KIA,26,0,1,90
2017,7,8,5,18,한화,LG,잠실,서울,한화,26,0,3,81
2017,7,7,4,18,키움,삼성,대구,대구,키움,28,0,1,76
2017,7,7,4,18,SK,롯데,사직,부산,SK,25,0,5,93
2017,7,7,4,18,두산,NC,마산,창원,두산,27,0,2,94
2017,7,6,3,18,KIA,SK,문학,인천,KIA,28,0,3,75
2017,7,6,3,18,한화,키움,고척,서울,키움,27,2,5,80
2017,7,5,2,18,LG,NC,마산,창원,LG,25,0,3,88
2017,7,5,2,18,KT,두산,잠실,서울,두산,31,0,4,55
2017,7,5,2,18,한화,키움,고척,서울,키움,31,0,4,55
2017,7,5,2,18,KIA,SK,문학,인천,SK,29,0,2,62
2017,7,4,1,18,KT,두산,잠실,서울,두산,29,0,3,64
2017,7,4,1,18,한화,키움,고척,서울,키움,29,0,3,64
2017,7,4,1,18,KIA,SK,문학,인천,KIA,26,0,3,78
2017,7,2,6,18,키움,KT,수원,수원,키움,26,0,2,93
2017,7,2,6,18,삼성,SK,문학,인천,SK,23,0,3,96
2017,7,2,6,18,NC,롯데,사직,부산,롯데,25,0,7,86
2017,7,2,6,18,KIA,LG,잠실,서울,KIA,25,0,2,87
2017,7,1,5,18,삼성,SK,문학,인천,삼성,25,0,4,84
2017,7,1,5,18,두산,한화,대전,대전,한화,24,0,0,96
2017,7,1,5,18,NC,롯데,사직,부산,롯데,26,0,6,76
2017,7,1,5,18,KIA,LG,잠실,서울,KIA,26,0,4,66
2019,6,30,6,17,키움,한화,대전,대전,키움,27,0,2,72
2019,6,30,6,17,SK,삼성,대구,대구,SK,30,0,2,55
2019,6,30,6,17,롯데,두산,잠실,서울,롯데,25,0,2,70
2019,6,30,6,17,LG,NC,창원,창원,NC,26,0,1,76
2019,6,30,6,17,KIA,KT,수원,수원,KT,25,0,2,76
2019,6,29,5,17,롯데,두산,잠실,서울,롯데,27,0,1,52
2019,6,29,5,17,KIA,KT,수원,수원,KT,25,0,2,76
2019,6,28,4,19,LG,NC,창원,창원,LG,22,0,2,81
2019,6,28,4,18,키움,한화,대전,대전,키움,28,0,1,63
2019,6,28,4,18,SK,삼성,대구,대구,삼성,25,0,3,73
2019,6,28,4,18,롯데,두산,잠실,서울,두산,26,0,2,62
2019,6,28,4,18,KIA,KT,수원,수원,KT,25,0,3,73
2019,6,27,3,18,SK,LG,잠실,서울,LG,28,0,2,60
2019,6,27,3,18,KIA,키움,고척,서울,키움,28,0,2,60
2019,6,27,3,18,KT,롯데,사직,부산,KT,23,0,4,89
2019,6,27,3,18,한화,NC,창원,창원,NC,25,0,1,83
2019,6,26,2,18,SK,LG,잠실,서울,SK,28,0,2,46
2019,6,26,2,18,KIA,키움,고척,서울,KIA,28,0,2,46
2019,6,25,1,18,SK,LG,잠실,서울,SK,29,0,3,42
2019,6,25,1,18,KIA,키움,고척,서울,키움,29,0,3,42
2019,6,25,1,18,KT,롯데,사직,부산,0,26,0,2,45
2019,6,25,1,18,한화,NC,창원,창원,한화,25,0,2,46
2019,6,23,6,17,키움,롯데,사직,부산,롯데,23,0,1,63
2019,6,23,6,17,삼성,한화,대전,대전,삼성,28,0,1,40
2019,6,23,6,17,두산,SK,문학,인천,SK,27,0,5,42
2019,6,23,6,17,NC,KT,수원,수원,KT,28,0,3,44
2019,6,23,6,17,KIA,LG,잠실,서울,KIA,29,0,3,34
2019,6,22,5,17,키움,롯데,사직,부산,롯데,22,0,3,65
2019,6,22,5,17,삼성,한화,대전,대전,한화,28,0,3,50
2019,6,22,5,17,두산,SK,문학,인천,SK,28,0,3,48
2019,6,22,5,17,NC,KT,수원,수원,NC,29,0,1,42
2019,6,22,5,17,KIA,LG,잠실,서울,KIA,28,0,1,32
2019,6,21,4,19,키움,롯데,사직,부산,키움,24,0,1,69
2019,6,21,4,18,삼성,한화,대전,대전,삼성,27,0,2,53
2019,6,21,4,18,두산,SK,문학,인천,SK,23,0,3,77
2019,6,21,4,18,NC,KT,수원,수원,KT,24,0,2,73
2019,6,21,4,18,KIA,LG,잠실,서울,LG,25,0,2,66
2019,6,20,3,18,SK,KIA,광주,광주,KIA,26,0,1,65
2019,6,20,3,18,NC,두산,잠실,서울,두산,24,0,3,59
2019,6,20,3,18,KT,키움,고척,서울,키움,24,0,3,59
2019,6,20,3,18,롯데,한화,대전,대전,한화,28,0,1,58
2019,6,20,3,18,LG,삼성,대구,대구,LG,32,0,1,35
2019,6,19,2,18,SK,KIA,광주,광주,SK,26,0,1,61
2019,6,19,2,18,NC,두산,잠실,서울,두산,23,0,2,74
2019,6,19,2,18,KT,키움,고척,서울,키움,23,0,2,74
2019,6,19,2,18,롯데,한화,대전,대전,롯데,26,0,0,63
2019,6,19,2,18,LG,삼성,대구,대구,LG,27,0,2,47
2019,6,18,1,18,SK,KIA,광주,광주,KIA,25,0,1,61
2019,6,18,1,18,NC,두산,잠실,서울,두산,22,0,2,69
2019,6,18,1,18,KT,키움,고척,서울,키움,22,0,2,69
2019,6,18,1,18,롯데,한화,대전,대전,롯데,23,0,0,76
2019,6,18,1,18,LG,삼성,대구,대구,삼성,26,0,3,49
2019,6,16,6,17,NC,SK,문학,인천,SK,24,0,4,55
2019,6,16,6,17,LG,두산,잠실,서울,두산,26,0,2,42
2019,6,16,6,17,한화,키움,고척,서울,키움,26,0,2,42
2019,6,16,6,17,KT,삼성,대구,대구,KT,24,0,6,55
2019,6,16,6,17,KIA,롯데,사직,부산,롯데,20,0,2,72
2019,6,15,5,17,NC,SK,문학,인천,SK,24,0,3,56
2019,6,15,5,17,LG,두산,잠실,서울,LG,26,0,4,47
2019,6,15,5,17,한화,키움,고척,서울,키움,26,0,4,47
2019,6,15,5,17,KT,삼성,대구,대구,KT,28,0,4,41
2019,6,15,5,17,KIA,롯데,사직,부산,롯데,21,0,4,75
2019,6,14,4,18,NC,SK,문학,인천,SK,24,0,3,54
2019,6,14,4,18,LG,두산,잠실,서울,두산,26,0,2,42
2019,6,14,4,18,한화,키움,고척,서울,키움,26,0,2,42
2019,6,14,4,18,KT,삼성,대구,대구,삼성,21,0,2,69
2019,6,13,3,18,키움,NC,창원,창원,NC,21,0,1,52
2019,6,13,3,18,삼성,KIA,광주,광주,KIA,24,0,2,63
2019,6,13,3,18,SK,KT,수원,수원,KT,26,0,2,45
2019,6,13,3,18,두산,한화,대전,대전,두산,28,0,2,43
2019,6,13,3,18,롯데,LG,잠실,서울,LG,27,0,2,36
2019,6,12,2,18,키움,NC,창원,창원,키움,19,0,4,71
2019,6,12,2,18,삼성,KIA,광주,광주,KIA,24,0,2,60
2019,6,12,2,18,SK,KT,수원,수원,SK,23,0,3,58
2019,6,12,2,18,두산,한화,대전,대전,두산,26,0,1,48
2019,6,12,2,18,롯데,LG,잠실,서울,LG,24,0,3,43
2019,6,11,1,18,키움,NC,창원,창원,키움,19,0,3,68
2019,6,11,1,18,삼성,KIA,광주,광주,KIA,21,0,1,70
2019,6,11,1,18,SK,KT,수원,수원,SK,23,0,4,51
2019,6,11,1,18,두산,한화,대전,대전,한화,24,0,1,48
2019,6,11,1,18,롯데,LG,잠실,서울,0,23,0,1,42
2019,6,9,6,17,키움,두산,잠실,서울,키움,24,0,2,59
2019,6,9,6,17,삼성,SK,문학,인천,삼성,22,0,2,68
2019,6,9,6,17,롯데,KT,수원,수원,KT,23,0,3,67
2019,6,9,6,17,LG,한화,대전,대전,LG,26,0,3,53
2019,6,9,6,17,KIA,NC,창원,창원,NC,21,0,3,62
2019,6,8,5,17,키움,두산,잠실,서울,키움,25,0,3,52
2019,6,8,5,17,삼성,SK,문학,인천,SK,23,0,2,55
2019,6,8,5,17,롯데,KT,수원,수원,KT,23,0,4,60
2019,6,8,5,17,LG,한화,대전,대전,LG,26,0,1,58
2019,6,8,5,17,KIA,NC,창원,창원,NC,20,0,3,72
2019,6,7,4,19,KIA,NC,창원,창원,NC,19,0,0,88
2019,6,7,4,18,키움,두산,잠실,서울,두산,24,0,1,52
2019,6,7,4,18,삼성,SK,문학,인천,SK,23,0,5,54
2019,6,7,4,18,롯데,KT,수원,수원,KT,24,0,3,58
2019,6,7,4,18,LG,한화,대전,대전,한화,20,0,0,93
2019,6,6,3,17,SK,키움,고척,서울,키움,22,0,2,79
2019,6,6,3,17,NC,삼성,대구,대구,삼성,28,0,3,48
2019,6,6,3,14,두산,KIA,광주,광주,KIA,25,0,3,70
2019,6,6,3,14,KT,LG,잠실,서울,LG,25,0,1,58
2019,6,5,2,18,SK,키움,고척,서울,SK,25,0,2,55
2019,6,5,2,18,KT,LG,잠실,서울,LG,25,0,2,55
2019,6,5,2,18,두산,KIA,광주,광주,두산,28,0,1,54
2019,6,5,2,18,NC,삼성,대구,대구,삼성,34,0,1,17
2019,6,4,1,18,SK,키움,고척,서울,SK,26,0,2,50
2019,6,4,1,18,KT,LG,잠실,서울,LG,26,0,2,50
2019,6,4,1,18,두산,KIA,광주,광주,두산,27,0,1,48
2019,6,4,1,18,NC,삼성,대구,대구,삼성,32,0,2,25
2019,6,2,6,17,키움,KIA,광주,광주,키움,26,0,2,36
2019,6,2,6,17,삼성,롯데,사직,부산,삼성,22,0,3,44
2019,6,2,6,17,두산,KT,수원,수원,두산,26,0,2,25
2019,6,2,6,17,NC,LG,잠실,서울,NC,26,0,3,24
2019,6,2,6,17,한화,SK,문학,인천,SK,23,0,3,33
2019,6,1,5,17,키움,KIA,광주,광주,키움,23,0,1,55
2019,6,1,5,17,삼성,롯데,사직,부산,롯데,21,0,3,49
2019,6,1,5,17,두산,KT,수원,수원,KT,23,0,2,55
2019,6,1,5,17,NC,LG,잠실,서울,LG,23,0,3,45
2019,6,1,5,17,한화,SK,문학,인천,한화,18,0,3,60
2018,6,30,5,17,NC,KT,수원,수원,KT,28,0,3,73
2018,6,30,5,17,롯데,한화,대전,대전,한화,23,2,1,98
2018,6,30,5,17,LG,SK,문학,인천,SK,27,0,2,69
2018,6,30,5,17,KIA,두산,잠실,서울,두산,27,0,2,75
2018,6,29,4,18,키움,삼성,대구,대구,키움,28,0,1,64
2018,6,29,4,18,NC,KT,수원,수원,KT,26,0,1,76
2018,6,29,4,18,롯데,한화,대전,대전,한화,30,0,1,60
2018,6,29,4,18,LG,SK,문학,인천,SK,24,0,2,78
2018,6,29,4,18,KIA,두산,잠실,서울,KIA,28,0,1,60
2018,6,28,3,18,키움,롯데,사직,부산,롯데,21,0,3,98
2018,6,28,3,18,삼성,한화,대전,대전,한화,24,0,2,84
2018,6,28,3,18,두산,NC,마산,창원,두산,21,0,0,98
2018,6,27,2,18,키움,롯데,사직,부산,롯데,23,0,7,91
2018,6,27,2,18,삼성,한화,대전,대전,한화,28,0,2,69
2018,6,27,2,18,두산,NC,마산,창원,두산,24,0,1,95
2018,6,27,2,18,KT,LG,잠실,서울,LG,25,0,1,69
2018,6,27,2,18,KIA,SK,문학,인천,SK,22,0,2,81
2018,6,26,1,18,키움,롯데,사직,부산,키움,23,0,11,93
2018,6,26,1,18,삼성,한화,대전,대전,삼성,26,0,4,90
2018,6,26,1,18,두산,NC,마산,창원,NC,24,0,2,97
2018,6,24,6,17,SK,KT,수원,수원,KT,30,0,3,42
2018,6,24,6,17,두산,삼성,대구,대구,두산,34,0,3,22
2018,6,24,6,17,롯데,LG,잠실,서울,0,30,0,2,34
2018,6,24,6,17,KIA,키움,고척,서울,KIA,30,0,2,34
2018,6,24,6,17,한화,NC,마산,창원,한화,30,0,2,51
2018,6,23,5,17,SK,KT,수원,수원,SK,27,0,2,58
2018,6,23,5,17,두산,삼성,대구,대구,두산,31,0,2,30
2018,6,23,5,17,롯데,LG,잠실,서울,LG,28,0,3,49
2018,6,23,5,17,KIA,키움,고척,서울,키움,28,0,3,49
2018,6,23,5,17,한화,NC,마산,창원,한화,26,0,3,61
2018,6,22,4,18,SK,KT,수원,수원,SK,27,0,4,36
2018,6,22,4,18,두산,삼성,대구,대구,삼성,29,0,2,31
2018,6,22,4,18,롯데,LG,잠실,서울,LG,29,0,3,27
2018,6,22,4,18,KIA,키움,고척,서울,KIA,29,0,3,27
2018,6,22,4,18,한화,NC,마산,창원,한화,24,0,0,52
2018,6,21,3,18,키움,두산,잠실,서울,두산,27,0,3,43
2018,6,21,3,18,SK,삼성,대구,대구,SK,29,0,3,26
2018,6,21,3,18,NC,KIA,광주,광주,NC,28,0,1,27
2018,6,21,3,18,롯데,KT,수원,수원,0,26,0,3,47
2018,6,20,2,18,키움,두산,잠실,서울,키움,27,0,3,55
2018,6,20,2,18,SK,삼성,대구,대구,삼성,28,0,3,35
2018,6,20,2,18,NC,KIA,광주,광주,KIA,26,0,1,66
2018,6,20,2,18,롯데,KT,수원,수원,롯데,24,0,4,66
2018,6,19,1,18,키움,두산,잠실,서울,키움,24,0,2,57
2018,6,19,1,18,SK,삼성,대구,대구,0,24,0,2,68
2018,6,19,1,18,롯데,KT,수원,수원,롯데,23,0,2,63
2018,6,17,6,17,삼성,키움,고척,서울,키움,25,0,3,58
2018,6,17,6,17,KIA,LG,잠실,서울,LG,25,0,3,58
2018,6,17,6,17,두산,한화,대전,대전,한화,29,0,1,48
2018,6,17,6,17,롯데,SK,문학,인천,롯데,22,0,3,70
2018,6,17,6,17,KT,NC,마산,창원,KT,24,0,1,63
2018,6,16,5,17,삼성,키움,고척,서울,키움,28,0,2,43
2018,6,16,5,17,KIA,LG,잠실,서울,LG,28,0,2,43
2018,6,16,5,17,두산,한화,대전,대전,두산,28,0,2,39
2018,6,16,5,17,롯데,SK,문학,인천,롯데,24,0,3,54
2018,6,16,5,17,KT,NC,마산,창원,NC,22,0,3,63
2018,6,15,4,18,삼성,키움,고척,서울,키움,25,0,1,44
2018,6,15,4,18,KIA,LG,잠실,서울,LG,25,0,1,44
2018,6,15,4,18,두산,한화,대전,대전,두산,24,0,5,47
2018,6,15,4,18,롯데,SK,문학,인천,롯데,23,0,1,65
2018,6,15,4,18,KT,NC,마산,창원,NC,21,0,4,56
2018,6,14,3,18,삼성,롯데,사직,부산,삼성,20,0,3,66
2018,6,14,3,18,SK,KIA,광주,광주,SK,25,0,3,54
2018,6,14,3,18,LG,NC,마산,창원,NC,22,0,2,69
2018,6,14,3,18,KT,두산,잠실,서울,두산,24,0,1,61
2018,6,14,3,18,한화,키움,고척,서울,한화,24,0,1,61
2018,6,13,2,18,삼성,롯데,사직,부산,롯데,20,0,2,75
2018,6,13,2,18,SK,KIA,광주,광주,SK,25,0,3,61
2018,6,13,2,18,LG,NC,마산,창원,NC,19,0,3,80
2018,6,13,2,18,KT,두산,잠실,서울,두산,23,0,3,63
2018,6,13,2,18,한화,키움,고척,서울,키움,23,0,3,63
2018,6,12,1,18,삼성,롯데,사직,부산,삼성,18,0,2,77
2018,6,12,1,18,SK,KIA,광주,광주,KIA,23,0,1,64
2018,6,12,1,18,LG,NC,마산,창원,NC,18,0,3,80
2018,6,12,1,18,KT,두산,잠실,서울,두산,24,0,3,53
2018,6,12,1,18,한화,키움,고척,서울,한화,24,0,3,53
2018,6,10,6,17,키움,KT,수원,수원,키움,24,0,2,51
2018,6,10,6,17,SK,한화,대전,대전,한화,23,0,3,62
2018,6,10,6,17,NC,두산,잠실,서울,두산,24,0,1,52
2018,6,10,6,17,LG,삼성,대구,대구,삼성,20,0,5,63
2018,6,9,5,17,키움,KT,수원,수원,KT,27,0,3,46
2018,6,9,5,17,SK,한화,대전,대전,SK,25,0,4,58
2018,6,9,5,17,NC,두산,잠실,서울,두산,28,0,2,39
2018,6,9,5,17,LG,삼성,대구,대구,LG,21,0,6,53
2018,6,9,5,17,KIA,롯데,사직,부산,KIA,23,0,4,60
2018,6,8,4,18,키움,KT,수원,수원,키움,23,0,3,64
2018,6,8,4,18,SK,한화,대전,대전,한화,25,0,1,63
2018,6,8,4,18,NC,두산,잠실,서울,두산,26,0,2,54
2018,6,8,4,18,LG,삼성,대구,대구,LG,29,0,2,39
2018,6,8,4,18,KIA,롯데,사직,부산,롯데,23,0,2,77
2018,6,7,3,18,삼성,SK,문학,인천,삼성,22,0,2,74
2018,6,7,3,18,두산,키움,고척,서울,두산,25,0,2,57
2018,6,7,3,18,한화,LG,잠실,서울,LG,25,0,2,57
2018,6,7,3,18,롯데,NC,마산,창원,NC,25,0,2,73
2018,6,7,3,18,KIA,KT,수원,수원,KIA,23,0,2,65
2018,6,6,2,17,삼성,SK,문학,인천,SK,23,0,2,69
2018,6,6,2,17,롯데,NC,마산,창원,롯데,24,0,2,66
2018,6,6,2,14,두산,키움,고척,서울,두산,27,0,3,50
2018,6,6,2,14,한화,LG,잠실,서울,한화,27,0,3,50
2018,6,6,2,14,KIA,KT,수원,수원,KIA,27,0,3,61
2018,6,5,1,18,삼성,SK,문학,인천,SK,24,0,3,48
2018,6,5,1,18,두산,키움,고척,서울,키움,27,0,2,40
2018,6,5,1,18,한화,LG,잠실,서울,LG,27,0,2,40
2018,6,5,1,18,롯데,NC,마산,창원,롯데,20,0,1,87
2018,6,5,1,18,KIA,KT,수원,수원,KIA,25,0,3,48
2018,6,3,6,17,키움,LG,잠실,서울,LG,29,0,4,29
2018,6,3,6,17,삼성,NC,마산,창원,삼성,25,0,2,55
2018,6,3,6,17,두산,KIA,광주,광주,KIA,29,0,3,40
2018,6,3,6,17,KT,SK,문학,인천,KT,28,0,2,27
2018,6,3,6,17,한화,롯데,사직,부산,롯데,23,0,5,65
2018,6,2,5,17,키움,LG,잠실,서울,LG,28,0,2,22
2018,6,2,5,17,삼성,NC,마산,창원,삼성,27,0,2,57
2018,6,2,5,17,두산,KIA,광주,광주,두산,31,0,1,26
2018,6,2,5,17,KT,SK,문학,인천,SK,24,0,3,47
2018,6,2,5,17,한화,롯데,사직,부산,한화,24,0,3,63
2018,6,1,4,18,키움,LG,잠실,서울,LG,28,0,3,36
2018,6,1,4,18,삼성,NC,마산,창원,삼성,22,0,3,47
2018,6,1,4,18,두산,KIA,광주,광주,두산,28,0,2,34
2018,6,1,4,18,KT,SK,문학,인천,SK,23,0,2,49
2018,6,1,4,18,한화,롯데,사직,부산,한화,22,0,2,59
2017,6,30,4,18,키움,KT,수원,수원,키움,26,0,2,62
2017,6,30,4,18,삼성,SK,문학,인천,SK,25,0,2,69
2017,6,30,4,18,두산,한화,대전,대전,한화,29,0,1,64
2017,6,30,4,18,NC,롯데,사직,부산,롯데,25,0,5,80
2017,6,30,4,18,KIA,LG,잠실,서울,KIA,27,0,3,52
2017,6,29,3,18,삼성,KIA,광주,광주,KIA,27,0,2,63
2017,6,29,3,18,SK,두산,잠실,서울,두산,29,0,4,49
2017,6,28,2,18,키움,NC,마산,창원,NC,24,0,2,77
2017,6,28,2,18,삼성,KIA,광주,광주,KIA,27,0,3,75
2017,6,28,2,18,SK,두산,잠실,서울,SK,28,0,3,54
2017,6,28,2,18,LG,롯데,사직,부산,0,24,0,3,80
2017,6,27,1,18,키움,NC,마산,창원,NC,23,0,2,80
2017,6,27,1,18,삼성,KIA,광주,광주,KIA,26,0,3,70
2017,6,27,1,18,SK,두산,잠실,서울,SK,27,0,3,65
2017,6,27,1,18,LG,롯데,사직,부산,롯데,23,0,1,73
2017,6,25,6,17,롯데,두산,잠실,서울,롯데,24,0,2,81
2017,6,25,6,17,LG,키움,고척,서울,키움,24,0,2,81
2017,6,25,6,17,KT,SK,문학,인천,SK,27,0,4,48
2017,6,25,6,17,KIA,NC,마산,창원,NC,24,0,4,82
2017,6,25,6,17,한화,삼성,대구,대구,0,25,0,2,73
2017,6,24,5,17,롯데,두산,잠실,서울,롯데,24,0,0,70
2017,6,24,5,17,LG,키움,고척,서울,LG,24,0,0,70
2017,6,24,5,17,KT,SK,문학,인천,SK,22,0,1,55
2017,6,24,5,17,KIA,NC,마산,창원,NC,24,0,2,84
2017,6,24,5,17,한화,삼성,대구,대구,삼성,29,0,1,41
2017,6,23,4,18,롯데,두산,잠실,서울,두산,29,0,5,44
2017,6,23,4,18,LG,키움,고척,서울,키움,29,0,5,44
2017,6,23,4,18,KT,SK,문학,인천,SK,26,0,3,57
2017,6,23,4,18,KIA,NC,마산,창원,NC,24,0,2,70
2017,6,23,4,18,한화,삼성,대구,대구,삼성,30,0,2,40
2017,6,22,3,18,키움,한화,대전,대전,한화,31,0,1,35
2017,6,22,3,18,삼성,LG,잠실,서울,삼성,29,0,4,38
2017,6,22,3,18,두산,KIA,광주,광주,KIA,29,0,2,57
2017,6,22,3,18,NC,SK,문학,인천,SK,25,0,4,64
2017,6,22,3,18,롯데,KT,수원,수원,KT,27,0,3,43
2017,6,21,2,18,키움,한화,대전,대전,키움,27,0,2,57
2017,6,21,2,18,삼성,LG,잠실,서울,삼성,27,0,5,49
2017,6,21,2,18,두산,KIA,광주,광주,KIA,25,0,1,68
2017,6,21,2,18,NC,SK,문학,인천,NC,23,0,4,68
2017,6,21,2,18,롯데,KT,수원,수원,롯데,25,0,4,56
2017,6,20,1,18,키움,한화,대전,대전,한화,29,0,1,37
2017,6,20,1,18,삼성,LG,잠실,서울,LG,27,0,3,41
2017,6,20,1,18,NC,SK,문학,인천,SK,24,0,2,42
2017,6,20,1,18,롯데,KT,수원,수원,롯데,27,0,3,43
2017,6,18,6,17,SK,삼성,대구,대구,삼성,34,0,1,23
2017,6,18,6,17,NC,두산,잠실,서울,두산,29,0,3,31
2017,6,18,6,17,롯데,키움,고척,서울,키움,29,0,3,31
2017,6,18,6,17,LG,KIA,광주,광주,LG,31,0,2,37
2017,6,18,6,17,한화,KT,수원,수원,한화,28,0,4,35
2017,6,17,5,17,SK,삼성,대구,대구,SK,31,0,1,31
2017,6,17,5,17,NC,두산,잠실,서울,두산,27,0,4,41
2017,6,17,5,17,롯데,키움,고척,서울,키움,27,0,4,41
2017,6,17,5,17,LG,KIA,광주,광주,KIA,30,0,2,45
2017,6,17,5,17,한화,KT,수원,수원,한화,26,0,3,42
2017,6,16,4,18,SK,삼성,대구,대구,SK,24,0,5,54
2017,6,16,4,18,NC,두산,잠실,서울,NC,29,0,3,49
2017,6,16,4,18,롯데,키움,고척,서울,키움,29,0,3,49
2017,6,16,4,18,LG,KIA,광주,광주,LG,30,0,1,37
2017,6,16,4,18,한화,KT,수원,수원,한화,27,0,2,52
2017,6,15,3,18,NC,키움,고척,서울,NC,27,0,3,45
2017,6,15,3,18,LG,두산,잠실,서울,LG,27,0,3,45
2017,6,15,3,18,KIA,롯데,사직,부산,KIA,24,0,0,58
2017,6,15,3,18,한화,SK,문학,인천,SK,21,0,4,73
2017,6,14,2,18,NC,키움,고척,서울,키움,25,0,4,46
2017,6,14,2,18,LG,두산,잠실,서울,LG,25,0,4,46
2017,6,14,2,18,KIA,롯데,사직,부산,KIA,21,0,3,71
2017,6,14,2,18,한화,SK,문학,인천,SK,21,0,3,75
2017,6,13,1,18,NC,키움,고척,서울,NC,22,0,4,61
2017,6,13,1,18,LG,두산,잠실,서울,두산,22,0,4,61
2017,6,13,1,18,KIA,롯데,사직,부산,KIA,19,0,1,72
2017,6,13,1,18,한화,SK,문학,인천,한화,20,0,5,74
2017,6,11,6,17,키움,KIA,광주,광주,KIA,27,0,2,42
2017,6,11,6,17,삼성,한화,대전,대전,삼성,29,0,1,26
2017,6,11,6,17,SK,LG,잠실,서울,LG,29,0,3,23
2017,6,11,6,17,KT,NC,마산,창원,NC,22,0,3,50
2017,6,10,5,17,키움,KIA,광주,광주,키움,26,0,3,72
2017,6,10,5,17,삼성,한화,대전,대전,한화,26,0,1,50
2017,6,10,5,17,SK,LG,잠실,서울,SK,27,0,3,16
2017,6,10,5,17,KT,NC,마산,창원,NC,23,0,2,81
2017,6,9,4,18,키움,KIA,광주,광주,키움,27,0,4,34
2017,6,9,4,18,삼성,한화,대전,대전,삼성,25,0,2,36
2017,6,9,4,18,SK,LG,잠실,서울,LG,23,0,4,62
2017,6,9,4,18,KT,NC,마산,창원,NC,24,0,3,59
2017,6,8,3,18,키움,SK,문학,인천,키움,19,0,4,71
2017,6,8,3,18,삼성,두산,잠실,서울,두산,23,0,4,51
2017,6,8,3,18,롯데,NC,마산,창원,NC,28,0,0,27
2017,6,8,3,18,LG,KT,수원,수원,LG,22,0,2,69
2017,6,8,3,18,한화,KIA,광주,광주,KIA,25,0,1,54
2017,6,7,2,18,키움,SK,문학,인천,키움,19,0,4,78
2017,6,7,2,18,삼성,두산,잠실,서울,두산,18,0,3,81
2017,6,7,2,18,롯데,NC,마산,창원,NC,22,0,1,82
2017,6,7,2,18,LG,KT,수원,수원,LG,18,0,3,92
2017,6,7,2,18,한화,KIA,광주,광주,KIA,17,0,1,94
2017,6,6,1,17,롯데,NC,마산,창원,롯데,17,1,1,86
2017,6,6,1,14,키움,SK,문학,인천,SK,22,0,3,44
2017,6,6,1,14,삼성,두산,잠실,서울,삼성,23,0,1,38
2017,6,4,6,17,SK,한화,대전,대전,SK,27,0,1,27
2017,6,4,6,17,두산,키움,고척,서울,두산,26,0,5,25
2017,6,4,6,17,NC,LG,잠실,서울,NC,26,0,5,25
2017,6,4,6,17,KT,롯데,사직,부산,롯데,22,0,3,39
2017,6,4,6,17,KIA,삼성,대구,대구,KIA,27,0,1,23
2017,6,3,5,17,SK,한화,대전,대전,SK,25,0,2,28
2017,6,3,5,17,두산,키움,고척,서울,키움,24,0,5,32
2017,6,3,5,17,NC,LG,잠실,서울,NC,24,0,5,32
2017,6,3,5,17,KT,롯데,사직,부산,KT,22,0,2,50
2017,6,3,5,17,KIA,삼성,대구,대구,삼성,26,0,2,27
2017,6,2,4,18,SK,한화,대전,대전,한화,25,0,3,25
2017,6,2,4,18,두산,키움,고척,서울,두산,23,0,4,32
2017,6,2,4,18,NC,LG,잠실,서울,NC,23,0,4,32
2017,6,2,4,18,KT,롯데,사직,부산,KT,18,0,2,69
2017,6,2,4,18,KIA,삼성,대구,대구,삼성,22,0,5,44
2017,6,1,3,18,키움,LG,잠실,서울,LG,26,0,4,32
2017,6,1,3,18,SK,KT,수원,수원,SK,22,0,4,57
2017,6,1,3,18,두산,한화,대전,대전,두산,25,0,3,55
2017,6,1,3,18,롯데,삼성,대구,대구,삼성,28,0,3,35
2017,6,1,3,18,KIA,NC,마산,창원,NC,25,0,2,70
2019,5,31,4,18,키움,KIA,광주,광주,KIA,21,0,2,56
2019,5,31,4,18,삼성,롯데,사직,부산,롯데,19,0,6,58
2019,5,31,4,18,두산,KT,수원,수원,KT,20,0,3,49
2019,5,31,4,18,NC,LG,잠실,서울,LG,21,0,3,44
2019,5,31,4,18,한화,SK,문학,인천,SK,19,0,4,53
2019,5,30,3,18,삼성,두산,잠실,서울,삼성,21,0,2,50
2019,5,30,3,18,LG,키움,고척,서울,LG,21,0,2,50
2019,5,30,3,18,롯데,NC,창원,창원,롯데,23,0,0,40
2019,5,30,3,18,KT,SK,문학,인천,SK,18,0,4,65
2019,5,30,3,18,KIA,한화,대전,대전,KIA,22,0,3,35
2019,5,29,2,18,삼성,두산,잠실,서울,두산,24,0,3,30
2019,5,29,2,18,LG,키움,고척,서울,LG,24,0,3,30
2019,5,29,2,18,롯데,NC,창원,창원,NC,27,0,1,26
2019,5,29,2,18,KT,SK,문학,인천,KT,21,0,4,45
2019,5,29,2,18,KIA,한화,대전,대전,KIA,26,0,2,24
2019,5,28,1,18,삼성,두산,잠실,서울,두산,23,0,2,22
2019,5,28,1,18,LG,키움,고척,서울,키움,23,0,2,22
2019,5,28,1,18,롯데,NC,창원,창원,롯데,19,0,2,54
2019,5,28,1,18,KT,SK,문학,인천,SK,19,0,4,48
2019,5,28,1,18,KIA,한화,대전,대전,한화,23,0,2,39
2019,5,26,6,14,키움,삼성,대구,대구,삼성,33,0,2,17
2019,5,26,6,14,SK,NC,창원,창원,SK,27,0,4,22
2019,5,26,6,14,LG,롯데,사직,부산,LG,24,0,5,53
2019,5,26,6,14,KT,KIA,광주,광주,KIA,26,0,5,29
2019,5,26,6,14,한화,두산,잠실,서울,두산,30,0,3,24
2019,5,25,5,17,키움,삼성,대구,대구,삼성,30,0,2,20
2019,5,25,5,17,SK,NC,창원,창원,NC,28,0,1,31
2019,5,25,5,17,LG,롯데,사직,부산,LG,26,0,3,42
2019,5,25,5,17,KT,KIA,광주,광주,KIA,26,0,2,38
2019,5,25,5,17,한화,두산,잠실,서울,두산,27,0,2,26
2019,5,24,4,19,SK,NC,창원,창원,SK,22,0,0,60
2019,5,24,4,18,키움,삼성,대구,대구,키움,33,0,2,26
2019,5,24,4,18,LG,롯데,사직,부산,롯데,21,0,5,68
2019,5,24,4,18,KT,KIA,광주,광주,KIA,27,0,2,39
2019,5,24,4,18,한화,두산,잠실,서울,한화,30,0,3,40
2019,5,23,3,18,SK,LG,잠실,서울,LG,28,0,2,19
2019,5,23,3,18,NC,키움,고척,서울,NC,28,0,2,19
2019,5,23,3,18,두산,KT,수원,수원,KT,26,0,2,30
2019,5,23,3,18,롯데,KIA,광주,광주,KIA,28,0,2,37
2019,5,23,3,18,한화,삼성,대구,대구,삼성,29,0,3,17
2019,5,22,2,18,SK,LG,잠실,서울,SK,23,0,2,30
2019,5,22,2,18,NC,키움,고척,서울,키움,23,0,2,30
2019,5,22,2,18,두산,KT,수원,수원,KT,23,0,3,35
2019,5,22,2,18,롯데,KIA,광주,광주,KIA,25,0,3,43
2019,5,22,2,18,한화,삼성,대구,대구,삼성,28,0,3,15
2019,5,21,1,18,SK,LG,잠실,서울,SK,21,0,4,33
2019,5,21,1,18,NC,키움,고척,서울,NC,21,0,4,33
2019,5,21,1,18,두산,KT,수원,수원,KT,20,0,3,47
2019,5,21,1,18,롯데,KIA,광주,광주,KIA,22,0,3,33
2019,5,21,1,18,한화,삼성,대구,대구,삼성,24,0,5,19
2019,5,19,6,14,롯데,키움,고척,서울,키움,21,0,1,91
2019,5,19,6,14,KIA,한화,대전,대전,KIA,22,0,3,81
2019,5,18,5,17,삼성,KT,수원,수원,KT,23,0,5,50
2019,5,18,5,17,두산,SK,문학,인천,두산,24,0,5,44
2019,5,18,5,17,NC,LG,잠실,서울,NC,25,0,2,43
2019,5,18,5,17,롯데,키움,고척,서울,키움,25,0,2,43
2019,5,18,5,17,KIA,한화,대전,대전,한화,19,0,2,86
2019,5,17,4,18,삼성,KT,수원,수원,삼성,23,0,1,56
2019,5,17,4,18,두산,SK,문학,인천,두산,22,0,1,52
2019,5,17,4,18,NC,LG,잠실,서울,NC,27,0,2,35
2019,5,17,4,18,롯데,키움,고척,서울,키움,27,0,2,35
2019,5,17,4,18,KIA,한화,대전,대전,KIA,26,0,1,43
2019,5,16,3,18,키움,한화,대전,대전,한화,28,0,1,41
2019,5,16,3,18,삼성,두산,잠실,서울,두산,28,0,2,27
2019,5,16,3,18,SK,NC,창원,창원,NC,22,0,1,52
2019,5,16,3,18,LG,롯데,사직,부산,LG,23,0,2,58
2019,5,16,3,18,KT,KIA,광주,광주,KT,27,0,3,32
2019,5,15,2,18,키움,한화,대전,대전,한화,27,0,2,43
2019,5,15,2,18,삼성,두산,잠실,서울,두산,25,0,3,39
2019,5,15,2,18,SK,NC,창원,창원,SK,22,0,2,48
2019,5,15,2,18,LG,롯데,사직,부산,롯데,24,0,1,53
2019,5,15,2,18,KT,KIA,광주,광주,KT,24,0,4,55
2019,5,14,1,18,키움,한화,대전,대전,한화,26,0,1,44
2019,5,14,1,18,삼성,두산,잠실,서울,삼성,24,0,3,32
2019,5,14,1,18,SK,NC,창원,창원,NC,20,0,2,73
2019,5,14,1,18,LG,롯데,사직,부산,롯데,21,0,2,67
2019,5,14,1,18,KT,KIA,광주,광주,KT,26,0,1,48
2019,5,12,6,14,키움,KT,수원,수원,KT,26,0,2,31
2019,5,12,6,14,SK,KIA,광주,광주,SK,27,0,3,32
2019,5,12,6,14,두산,NC,창원,창원,두산,26,0,2,25
2019,5,12,6,14,롯데,삼성,대구,대구,롯데,25,0,5,25
2019,5,12,6,14,한화,LG,잠실,서울,LG,27,0,1,27
2019,5,11,5,17,키움,KT,수원,수원,키움,23,0,3,40
2019,5,11,5,17,SK,KIA,광주,광주,SK,25,0,1,29
2019,5,11,5,17,두산,NC,창원,창원,두산,22,0,2,28
2019,5,11,5,17,롯데,삼성,대구,대구,삼성,28,0,1,13
2019,5,11,5,17,한화,LG,잠실,서울,LG,26,0,3,30
2019,5,10,4,19,두산,NC,창원,창원,NC,18,0,1,41
2019,5,10,4,18,키움,KT,수원,수원,KT,19,0,4,48
2019,5,10,4,18,SK,KIA,광주,광주,SK,23,0,2,27
2019,5,10,4,18,롯데,삼성,대구,대구,롯데,27,0,1,14
2019,5,10,4,18,한화,LG,잠실,서울,한화,22,0,3,38
2019,5,9,3,18,NC,삼성,대구,대구,삼성,24,0,3,19
2019,5,9,3,18,롯데,KT,수원,수원,롯데,18,0,3,31
2019,5,9,3,18,LG,키움,고척,서울,키움,21,0,2,19
2019,5,9,3,18,KIA,두산,잠실,서울,KIA,21,0,2,19
2019,5,9,3,18,한화,SK,문학,인천,한화,15,0,2,56
2019,5,8,2,18,NC,삼성,대구,대구,삼성,22,0,3,17
2019,5,8,2,18,롯데,KT,수원,수원,KT,17,0,3,56
2019,5,8,2,18,LG,키움,고척,서울,키움,19,0,4,41
2019,5,8,2,18,KIA,두산,잠실,서울,두산,19,0,4,41
2019,5,8,2,18,한화,SK,문학,인천,SK,14,0,3,69
2019,5,7,1,18,NC,삼성,대구,대구,삼성,21,0,2,15
2019,5,7,1,18,롯데,KT,수원,수원,KT,17,0,3,29
2019,5,7,1,18,LG,키움,고척,서울,LG,18,0,3,26
2019,5,7,1,18,KIA,두산,잠실,서울,두산,18,0,3,26
2019,5,7,1,18,한화,SK,문학,인천,SK,15,0,4,44
2019,5,5,6,14,삼성,키움,고척,서울,키움,26,0,4,19
2019,5,5,6,14,LG,두산,잠실,서울,두산,26,0,4,19
2019,5,5,6,14,SK,롯데,사직,부산,SK,20,0,5,66
2019,5,5,6,14,KT,한화,대전,대전,한화,27,0,1,26
2019,5,5,6,14,KIA,NC,창원,창원,NC,25,0,3,34
2019,5,4,5,17,KT,한화,대전,대전,한화,27,0,1,25
2019,5,4,5,17,KIA,NC,창원,창원,NC,21,0,3,34
2019,5,4,5,14,삼성,키움,고척,서울,삼성,26,0,2,23
2019,5,4,5,14,LG,두산,잠실,서울,두산,26,0,2,23
2019,5,4,5,14,SK,롯데,사직,부산,SK,21,0,2,55
2019,5,3,4,19,KIA,NC,창원,창원,KIA,17,0,1,51
2019,5,3,4,18,삼성,키움,고척,서울,키움,23,0,2,25
2019,5,3,4,18,LG,두산,잠실,서울,두산,23,0,2,25
2019,5,3,4,18,SK,롯데,사직,부산,SK,20,0,1,52
2019,5,3,4,18,KT,한화,대전,대전,KT,26,0,1,29
2019,5,2,3,18,키움,SK,문학,인천,키움,17,0,2,40
2019,5,2,3,18,삼성,KIA,광주,광주,KIA,20,0,2,29
2019,5,2,3,18,두산,한화,대전,대전,두산,21,0,1,43
2019,5,2,3,18,NC,롯데,사직,부산,NC,18,0,4,59
2019,5,2,3,18,KT,LG,잠실,서울,LG,20,0,3,21
2019,5,1,2,18,키움,SK,문학,인천,SK,16,0,2,61
2019,5,1,2,18,삼성,KIA,광주,광주,삼성,18,0,1,60
2019,5,1,2,18,두산,한화,대전,대전,한화,21,0,2,41
2019,5,1,2,18,NC,롯데,사직,부산,NC,18,0,4,58
2019,5,1,2,18,KT,LG,잠실,서울,LG,19,0,3,48
2018,5,31,3,18,키움,KIA,광주,광주,KIA,24,0,1,54
2018,5,31,3,18,SK,두산,잠실,서울,두산,26,0,3,42
2018,5,31,3,18,NC,한화,대전,대전,NC,26,0,1,46
2018,5,31,3,18,LG,롯데,사직,부산,LG,20,0,3,72
2018,5,31,3,18,KT,삼성,대구,대구,삼성,26,0,2,34
2018,5,30,2,18,키움,KIA,광주,광주,키움,24,0,0,71
2018,5,30,2,18,SK,두산,잠실,서울,두산,23,0,2,42
2018,5,30,2,18,NC,한화,대전,대전,한화,24,0,1,71
2018,5,30,2,18,LG,롯데,사직,부산,LG,23,0,2,72
2018,5,30,2,18,KT,삼성,대구,대구,삼성,22,0,2,77
2018,5,29,1,18,키움,KIA,광주,광주,키움,24,0,2,78
2018,5,29,1,18,NC,한화,대전,대전,한화,26,0,1,60
2018,5,29,1,18,LG,롯데,사직,부산,LG,21,0,2,79
2018,5,29,1,18,KT,삼성,대구,대구,KT,28,0,2,45
2018,5,27,6,14,삼성,두산,잠실,서울,두산,24,0,4,36
2018,5,27,6,14,롯데,키움,고척,서울,롯데,24,0,4,36
2018,5,27,6,14,LG,KT,수원,수원,KT,24,0,2,44
2018,5,27,6,14,KIA,NC,마산,창원,KIA,25,0,2,50
2018,5,27,6,14,한화,SK,문학,인천,한화,21,0,3,53
2018,5,26,5,17,삼성,두산,잠실,서울,두산,27,0,3,34
2018,5,26,5,17,롯데,키움,고척,서울,키움,27,0,3,34
2018,5,26,5,17,LG,KT,수원,수원,LG,26,0,4,40
2018,5,26,5,17,KIA,NC,마산,창원,NC,23,0,2,58
2018,5,26,5,17,한화,SK,문학,인천,SK,23,0,4,52
2018,5,25,4,18,삼성,두산,잠실,서울,삼성,23,0,2,32
2018,5,25,4,18,롯데,키움,고척,서울,키움,23,0,2,32
2018,5,25,4,18,LG,KT,수원,수원,KT,21,0,2,33
2018,5,25,4,18,KIA,NC,마산,창원,KIA,23,0,0,39
2018,5,25,4,18,한화,SK,문학,인천,SK,19,0,2,44
2018,5,24,3,18,키움,SK,문학,인천,SK,18,0,4,57
2018,5,24,3,18,두산,한화,대전,대전,두산,23,0,2,36
2018,5,24,3,18,NC,LG,잠실,서울,LG,22,0,2,39
2018,5,24,3,18,롯데,삼성,대구,대구,삼성,28,0,2,22
2018,5,24,3,18,KT,KIA,광주,광주,KT,24,0,2,39
2018,5,23,2,18,키움,SK,문학,인천,SK,17,0,5,60
2018,5,23,2,18,두산,한화,대전,대전,한화,22,0,3,33
2018,5,23,2,18,NC,LG,잠실,서울,LG,21,0,3,40
2018,5,23,2,18,롯데,삼성,대구,대구,삼성,25,0,3,28
2018,5,23,2,18,KT,KIA,광주,광주,KT,20,0,2,35
2018,5,22,1,14,키움,SK,문학,인천,키움,19,0,2,66
2018,5,22,1,14,두산,한화,대전,대전,한화,24,0,0,51
2018,5,22,1,14,NC,LG,잠실,서울,LG,22,0,1,53
2018,5,22,1,14,롯데,삼성,대구,대구,삼성,24,0,2,42
2018,5,22,1,14,KT,KIA,광주,광주,KIA,24,0,4,57
2018,5,20,6,14,삼성,키움,고척,서울,삼성,20,0,1,30
2018,5,20,6,14,한화,LG,잠실,서울,LG,20,0,1,30
2018,5,20,6,14,SK,KIA,광주,광주,KIA,24,0,4,27
2018,5,20,6,14,두산,롯데,사직,부산,두산,19,0,3,52
2018,5,20,6,14,NC,KT,수원,수원,KT,19,0,3,39
2018,5,19,5,17,삼성,키움,고척,서울,키움,24,0,1,35
2018,5,19,5,17,한화,LG,잠실,서울,한화,24,0,1,35
2018,5,19,5,17,SK,KIA,광주,광주,KIA,21,0,2,61
2018,5,19,5,17,두산,롯데,사직,부산,롯데,17,0,3,50
2018,5,19,5,17,NC,KT,수원,수원,KT,23,0,3,38
2018,5,18,4,18,삼성,키움,고척,서울,삼성,17,0,1,79
2018,5,18,4,18,한화,LG,잠실,서울,한화,17,0,1,79
2018,5,18,4,18,SK,KIA,광주,광주,KIA,22,0,0,97
2018,5,18,4,18,두산,롯데,사직,부산,두산,13,0,1,90
2018,5,18,4,18,NC,KT,수원,수원,NC,17,0,2,89
2018,5,17,3,18,롯데,NC,마산,창원,롯데,21,0,1,98
2018,5,17,3,18,KT,한화,대전,대전,한화,26,0,1,84
2018,5,17,3,18,KIA,키움,고척,서울,키움,22,1,1,97
2018,5,16,2,18,SK,두산,잠실,서울,두산,21,0,2,97
2018,5,16,2,18,KIA,키움,고척,서울,키움,21,0,2,97
2018,5,16,2,18,KT,한화,대전,대전,한화,26,0,1,79
2018,5,15,1,18,SK,두산,잠실,서울,두산,27,0,2,47
2018,5,15,1,18,KIA,키움,고척,서울,KIA,27,0,2,47
2018,5,15,1,18,롯데,NC,마산,창원,롯데,22,0,1,74
2018,5,15,1,18,KT,한화,대전,대전,KT,27,0,0,61
2018,5,13,6,14,키움,두산,잠실,서울,키움,19,0,2,64
2018,5,13,6,14,NC,한화,대전,대전,한화,20,0,1,71
2018,5,13,6,14,LG,SK,문학,인천,SK,15,0,3,77
2018,5,13,6,14,KT,롯데,사직,부산,롯데,22,0,4,72
2018,5,13,6,14,KIA,삼성,대구,대구,KIA,24,0,4,46
2018,5,11,4,18,키움,두산,잠실,서울,키움,17,0,3,37
2018,5,11,4,18,NC,한화,대전,대전,NC,21,0,1,31
2018,5,11,4,18,LG,SK,문학,인천,LG,15,0,2,76
2018,5,11,4,18,KT,롯데,사직,부산,롯데,17,0,5,53
2018,5,11,4,18,KIA,삼성,대구,대구,삼성,25,0,2,26
2018,5,10,3,18,삼성,KT,수원,수원,KT,16,0,2,70
2018,5,10,3,18,SK,NC,마산,창원,SK,17,0,3,74
2018,5,10,3,18,두산,KIA,광주,광주,KIA,21,0,1,58
2018,5,10,3,18,롯데,LG,잠실,서울,롯데,18,0,3,61
2018,5,10,3,18,한화,키움,고척,서울,한화,18,0,3,61
2018,5,9,2,18,삼성,KT,수원,수원,삼성,18,0,3,49
2018,5,9,2,18,SK,NC,마산,창원,SK,14,0,3,72
2018,5,9,2,18,두산,KIA,광주,광주,두산,19,0,3,67
2018,5,9,2,18,롯데,LG,잠실,서울,LG,20,0,2,41
2018,5,9,2,18,한화,키움,고척,서울,한화,20,0,2,41
2018,5,8,1,18,삼성,KT,수원,수원,삼성,20,0,3,46
2018,5,8,1,18,SK,NC,마산,창원,NC,15,0,2,63
2018,5,8,1,18,두산,KIA,광주,광주,KIA,21,0,2,50
2018,5,8,1,18,롯데,LG,잠실,서울,롯데,20,0,1,40
2018,5,8,1,18,한화,키움,고척,서울,한화,20,0,1,40
2018,5,6,6,14,두산,LG,잠실,서울,두산,17,0,1,85
2018,5,6,6,14,NC,KIA,광주,광주,KIA,18,0,2,99
2018,5,5,5,14,키움,KT,수원,수원,키움,24,0,3,35
2018,5,5,5,14,두산,LG,잠실,서울,두산,23,0,3,34
2018,5,5,5,14,NC,KIA,광주,광주,KIA,25,0,5,24
2018,5,5,5,14,롯데,SK,문학,인천,롯데,21,0,4,43
2018,5,5,5,14,한화,삼성,대구,대구,삼성,26,0,3,17
2018,5,4,4,18,키움,KT,수원,수원,키움,15,0,5,45
2018,5,4,4,18,두산,LG,잠실,서울,두산,17,0,3,35
2018,5,4,4,18,NC,KIA,광주,광주,NC,18,0,4,21
2018,5,4,4,18,롯데,SK,문학,인천,SK,14,0,4,58
2018,5,4,4,18,한화,삼성,대구,대구,한화,21,0,6,13
2018,5,3,3,18,키움,NC,마산,창원,키움,14,0,2,43
2018,5,3,3,18,SK,삼성,대구,대구,삼성,16,0,5,26
2018,5,3,3,18,LG,한화,대전,대전,한화,13,0,3,57
2018,5,3,3,18,KT,두산,잠실,서울,KT,13,0,2,49
2018,5,3,3,18,KIA,롯데,사직,부산,롯데,14,0,5,47
2018,5,2,2,18,키움,NC,마산,창원,NC,14,0,3,97
2018,5,2,2,18,SK,삼성,대구,대구,SK,14,0,2,90
2018,5,2,2,18,LG,한화,대전,대전,한화,16,0,2,78
2018,5,2,2,18,KIA,롯데,사직,부산,KIA,14,0,0,96
2018,5,1,1,18,키움,NC,마산,창원,키움,20,0,1,71
2018,5,1,1,18,SK,삼성,대구,대구,SK,22,0,2,60
2018,5,1,1,18,LG,한화,대전,대전,한화,24,0,2,61
2018,5,1,1,18,KT,두산,잠실,서울,두산,21,0,2,67
2018,5,1,1,18,KIA,롯데,사직,부산,롯데,19,0,1,63
2017,5,31,2,18,키움,LG,잠실,서울,LG,27,0,4,44
2017,5,31,2,18,SK,KT,수원,수원,SK,25,0,2,55
2017,5,31,2,18,두산,한화,대전,대전,한화,22,0,1,81
2017,5,31,2,18,롯데,삼성,대구,대구,삼성,27,0,2,37
2017,5,31,2,18,KIA,NC,마산,창원,KIA,23,0,2,76
2017,5,30,1,18,키움,LG,잠실,서울,키움,28,0,3,8
2017,5,30,1,18,SK,KT,수원,수원,SK,27,0,2,24
2017,5,30,1,18,두산,한화,대전,대전,한화,28,0,1,40
2017,5,30,1,18,롯데,삼성,대구,대구,롯데,30,0,2,30
2017,5,30,1,18,KIA,NC,마산,창원,KIA,27,0,2,41
2017,5,28,6,14,삼성,키움,고척,서울,삼성,26,0,5,34
2017,5,28,6,14,KT,두산,잠실,서울,두산,26,0,5,34
2017,5,28,6,14,롯데,KIA,광주,광주,KIA,28,0,3,31
2017,5,28,6,14,LG,SK,문학,인천,SK,23,0,6,50
2017,5,28,6,14,한화,NC,마산,창원,한화,24,0,3,39
2017,5,27,5,17,삼성,키움,고척,서울,키움,24,0,4,29
2017,5,27,5,17,KT,두산,잠실,서울,두산,24,0,4,29
2017,5,27,5,17,롯데,KIA,광주,광주,KIA,25,0,2,36
2017,5,27,5,17,LG,SK,문학,인천,SK,21,0,3,37
2017,5,27,5,17,한화,NC,마산,창원,한화,23,0,3,40
2017,5,26,4,18,삼성,키움,고척,서울,키움,21,0,3,36
2017,5,26,4,18,KT,두산,잠실,서울,KT,21,0,3,36
2017,5,26,4,18,롯데,KIA,광주,광주,롯데,19,0,1,34
2017,5,26,4,18,LG,SK,문학,인천,SK,19,0,4,51
2017,5,26,4,18,한화,NC,마산,창원,NC,21,0,2,51
2017,5,25,3,18,SK,롯데,사직,부산,롯데,23,0,6,52
2017,5,25,3,18,두산,LG,잠실,서울,두산,22,0,4,29
2017,5,25,3,18,NC,키움,고척,서울,NC,22,0,4,29
2017,5,25,3,18,KT,삼성,대구,대구,삼성,29,0,6,20
2017,5,25,3,18,KIA,한화,대전,대전,KIA,23,0,4,41
2017,5,24,2,18,SK,롯데,사직,부산,롯데,19,0,3,83
2017,5,24,2,18,두산,LG,잠실,서울,두산,27,0,3,39
2017,5,24,2,18,NC,키움,고척,서울,NC,27,0,3,39
2017,5,24,2,18,KT,삼성,대구,대구,KT,22,0,3,71
2017,5,24,2,18,KIA,한화,대전,대전,KIA,25,0,2,52
2017,5,23,1,18,SK,롯데,사직,부산,롯데,21,0,4,64
2017,5,23,1,18,NC,키움,고척,서울,NC,20,0,3,72
2017,5,23,1,18,KT,삼성,대구,대구,KT,26,0,2,39
2017,5,23,1,18,KIA,한화,대전,대전,KIA,24,0,1,55
2017,5,21,6,14,키움,KT,수원,수원,KT,26,0,4,37
2017,5,21,6,14,삼성,한화,대전,대전,삼성,26,0,3,36
2017,5,21,6,14,SK,NC,마산,창원,SK,27,0,3,38
2017,5,21,6,14,두산,KIA,광주,광주,두산,25,0,1,37
2017,5,21,6,14,롯데,LG,잠실,서울,LG,26,0,3,30
2017,5,20,5,17,키움,KT,수원,수원,키움,23,0,3,31
2017,5,20,5,17,삼성,한화,대전,대전,삼성,27,0,1,28
2017,5,20,5,17,SK,NC,마산,창원,NC,25,0,2,39
2017,5,20,5,17,두산,KIA,광주,광주,두산,26,0,1,32
2017,5,20,5,17,롯데,LG,잠실,서울,LG,25,0,4,31
2017,5,19,4,18,키움,KT,수원,수원,키움,22,0,3,31
2017,5,19,4,18,삼성,한화,대전,대전,삼성,27,0,4,27
2017,5,19,4,18,SK,NC,마산,창원,SK,25,0,2,42
2017,5,19,4,18,두산,KIA,광주,광주,두산,26,0,2,32
2017,5,19,4,18,롯데,LG,잠실,서울,롯데,25,0,3,24
2017,5,18,3,18,삼성,SK,문학,인천,SK,20,0,3,56
2017,5,18,3,18,NC,두산,잠실,서울,두산,24,0,2,32
2017,5,18,3,18,한화,키움,고척,서울,키움,24,0,2,32
2017,5,18,3,18,LG,KIA,광주,광주,KIA,26,0,1,39
2017,5,18,3,18,KT,롯데,사직,부산,롯데,21,0,1,59
2017,5,17,2,18,삼성,SK,문학,인천,삼성,20,0,3,53
2017,5,17,2,18,NC,두산,잠실,서울,NC,24,0,4,34
2017,5,17,2,18,한화,키움,고척,서울,한화,24,0,4,34
2017,5,17,2,18,LG,KIA,광주,광주,KIA,24,0,2,41
2017,5,17,2,18,KT,롯데,사직,부산,롯데,18,0,2,75
2017,5,16,1,18,삼성,SK,문학,인천,삼성,16,0,3,64
2017,5,16,1,18,NC,두산,잠실,서울,NC,21,0,1,47
2017,5,16,1,18,한화,키움,고척,서울,키움,21,0,1,47
2017,5,16,1,18,LG,KIA,광주,광주,KIA,20,0,2,41
2017,5,16,1,18,KT,롯데,사직,부산,롯데,18,0,1,61
2017,5,14,6,14,키움,삼성,대구,대구,키움,25,0,6,24
2017,5,14,6,14,두산,롯데,사직,부산,두산,23,0,6,39
2017,5,14,6,14,NC,KT,수원,수원,KT,19,0,6,41
2017,5,14,6,14,KIA,SK,문학,인천,SK,17,0,7,46
2017,5,14,6,14,한화,LG,잠실,서울,LG,20,0,4,35
2017,5,13,5,17,키움,삼성,대구,대구,키움,26,0,2,46
2017,5,13,5,17,두산,롯데,사직,부산,두산,20,0,8,62
2017,5,13,5,17,NC,KT,수원,수원,KT,15,0,5,89
2017,5,13,5,17,KIA,SK,문학,인천,KIA,13,0,7,90
2017,5,13,5,17,한화,LG,잠실,서울,한화,15,0,7,84
2017,5,12,4,18,키움,삼성,대구,대구,삼성,19,0,0,71
2017,5,12,4,18,NC,KT,수원,수원,NC,19,0,1,72
2017,5,12,4,18,KIA,SK,문학,인천,SK,16,0,3,84
2017,5,12,4,18,한화,LG,잠실,서울,한화,19,0,2,65
2017,5,11,3,18,키움,NC,마산,창원,키움,23,0,1,66
2017,5,11,3,18,SK,두산,잠실,서울,두산,24,0,1,49
2017,5,11,3,18,롯데,한화,대전,대전,한화,24,0,2,54
2017,5,11,3,18,LG,삼성,대구,대구,LG,27,0,2,38
2017,5,11,3,18,KT,KIA,광주,광주,KT,26,0,1,38
2017,5,10,2,18,키움,NC,마산,창원,NC,20,0,3,55
2017,5,10,2,18,SK,두산,잠실,서울,두산,18,0,2,59
2017,5,10,2,18,롯데,한화,대전,대전,롯데,17,0,3,74
2017,5,10,2,18,LG,삼성,대구,대구,LG,20,0,4,55
2017,5,10,2,18,KT,KIA,광주,광주,KT,18,0,1,72
2017,5,9,1,18,KT,KIA,광주,광주,KIA,15,0,0,94
2017,5,7,6,14,삼성,NC,마산,창원,NC,28,0,3,17
2017,5,7,6,14,SK,키움,고척,서울,0,21,0,5,21
2017,5,7,6,14,LG,두산,잠실,서울,LG,21,0,5,21
2017,5,7,6,14,KT,한화,대전,대전,KT,25,0,4,28
2017,5,7,6,14,KIA,롯데,사직,부산,KIA,24,0,8,37
2017,5,6,5,17,삼성,NC,마산,창원,삼성,23,0,1,36
2017,5,6,5,17,SK,키움,고척,서울,SK,17,0,6,36
2017,5,6,5,17,LG,두산,잠실,서울,LG,17,0,6,36
2017,5,6,5,17,KT,한화,대전,대전,한화,20,0,4,16
2017,5,6,5,17,KIA,롯데,사직,부산,KIA,23,0,5,29
2017,5,5,4,14,삼성,NC,마산,창원,NC,22,0,2,79
2017,5,5,4,14,SK,키움,고척,서울,키움,26,0,4,39
2017,5,5,4,14,LG,두산,잠실,서울,LG,26,0,4,39
2017,5,5,4,14,KT,한화,대전,대전,한화,27,0,1,42
2017,5,5,4,14,KIA,롯데,사직,부산,KIA,23,0,4,65
2017,5,4,3,18,두산,삼성,대구,대구,두산,25,0,2,43
2017,5,4,3,18,NC,LG,잠실,서울,LG,23,0,3,40
2017,5,4,3,18,KIA,키움,고척,서울,키움,23,0,3,40
2017,5,4,3,18,롯데,KT,수원,수원,롯데,22,0,3,48
2017,5,4,3,18,한화,SK,문학,인천,SK,21,0,0,49
2017,5,3,2,14,두산,삼성,대구,대구,두산,27,0,2,15
2017,5,3,2,14,NC,LG,잠실,서울,LG,29,0,2,22
2017,5,3,2,14,KIA,키움,고척,서울,KIA,29,0,2,22
2017,5,3,2,14,롯데,KT,수원,수원,KT,28,0,1,26
2017,5,3,2,14,한화,SK,문학,인천,한화,24,0,3,38
2017,5,2,1,18,두산,삼성,대구,대구,삼성,22,0,3,30
2017,5,2,1,18,NC,LG,잠실,서울,NC,23,0,4,33
2017,5,2,1,18,KIA,키움,고척,서울,KIA,23,0,4,33
2017,5,2,1,18,롯데,KT,수원,수원,롯데,21,0,3,37
2017,5,2,1,18,한화,SK,문학,인천,한화,20,0,3,38
2019,4,30,1,18,키움,SK,문학,인천,키움,16,0,3,51
2019,4,30,1,18,삼성,KIA,광주,광주,KIA,18,0,2,84
2019,4,30,1,18,두산,한화,대전,대전,한화,21,0,1,65
2019,4,30,1,18,NC,롯데,사직,부산,롯데,16,0,2,82
2019,4,30,1,18,KT,LG,잠실,서울,LG,19,0,2,38
2019,4,28,6,14,SK,KT,수원,수원,SK,15,0,1,50
2019,4,28,6,14,롯데,두산,잠실,서울,두산,15,0,2,39
2019,4,28,6,14,KIA,키움,고척,서울,키움,15,0,2,39
2019,4,28,6,14,LG,삼성,대구,대구,LG,17,0,1,37
2019,4,28,6,14,한화,NC,창원,창원,NC,15,0,1,47
2019,4,27,5,17,SK,KT,수원,수원,SK,15,0,2,51
2019,4,27,5,17,롯데,두산,잠실,서울,두산,16,0,1,33
2019,4,27,5,17,KIA,키움,고척,서울,KIA,16,0,1,33
2019,4,27,5,17,LG,삼성,대구,대구,LG,16,0,2,32
2019,4,27,5,17,한화,NC,창원,창원,NC,13,0,3,56
2019,4,26,4,18,SK,KT,수원,수원,SK,9,0,3,84
2019,4,26,4,18,롯데,두산,잠실,서울,두산,9,0,1,81
2019,4,26,4,18,KIA,키움,고척,서울,키움,9,0,1,81
2019,4,25,3,18,SK,삼성,대구,대구,SK,12,0,3,77
2019,4,25,3,18,두산,키움,고척,서울,키움,10,0,2,93
2019,4,24,2,18,SK,삼성,대구,대구,SK,21,0,2,71
2019,4,24,2,18,두산,키움,고척,서울,키움,22,0,4,51
2019,4,24,2,18,KIA,LG,잠실,서울,LG,22,0,4,51
2019,4,24,2,18,NC,KT,수원,수원,NC,19,0,3,61
2019,4,24,2,18,롯데,한화,대전,대전,한화,20,0,1,78
2019,4,23,1,18,두산,키움,고척,서울,두산,23,0,2,50
2019,4,23,1,18,KIA,LG,잠실,서울,LG,23,0,2,50
2019,4,23,1,18,NC,KT,수원,수원,NC,20,0,3,61
2019,4,21,6,14,키움,LG,잠실,서울,LG,17,0,1,64
2019,4,21,6,14,삼성,한화,대전,대전,삼성,22,0,1,57
2019,4,21,6,14,두산,KIA,광주,광주,두산,21,0,1,51
2019,4,21,6,14,NC,SK,문학,인천,SK,14,0,2,83
2019,4,21,6,14,KT,롯데,사직,부산,KT,20,0,3,59
2019,4,20,5,17,키움,LG,잠실,서울,키움,17,0,3,60
2019,4,20,5,17,삼성,한화,대전,대전,한화,23,0,1,43
2019,4,20,5,17,두산,KIA,광주,광주,두산,23,0,2,47
2019,4,20,5,17,NC,SK,문학,인천,SK,14,0,2,71
2019,4,20,5,17,KT,롯데,사직,부산,롯데,16,0,5,62
2019,4,19,4,18,키움,LG,잠실,서울,키움,18,0,1,34
2019,4,19,4,18,삼성,한화,대전,대전,한화,15,0,4,60
2019,4,19,4,18,두산,KIA,광주,광주,두산,17,0,2,67
2019,4,19,4,18,NC,SK,문학,인천,NC,18,0,2,42
2019,4,19,4,18,KT,롯데,사직,부산,KT,12,0,2,59
2019,4,18,3,18,SK,두산,잠실,서울,SK,12,0,2,83
2019,4,18,3,18,LG,NC,창원,창원,LG,17,0,2,61
2019,4,18,3,18,KIA,롯데,사직,부산,롯데,17,0,6,68
2019,4,18,3,18,한화,KT,수원,수원,KT,13,0,2,86
2019,4,17,2,18,SK,두산,잠실,서울,두산,18,0,4,43
2019,4,17,2,18,LG,NC,창원,창원,LG,19,0,2,34
2019,4,17,2,18,KIA,롯데,사직,부산,롯데,20,0,4,36
2019,4,17,2,18,한화,KT,수원,수원,한화,17,0,4,51
2019,4,16,1,18,SK,두산,잠실,서울,두산,20,0,3,12
2019,4,16,1,18,LG,NC,창원,창원,LG,18,0,1,25
2019,4,16,1,18,KIA,롯데,사직,부산,롯데,18,0,3,25
2019,4,16,1,18,한화,KT,수원,수원,KT,19,0,3,22
2019,4,14,6,14,두산,LG,잠실,서울,두산,11,0,2,69
2019,4,14,6,14,한화,키움,고척,서울,한화,11,0,2,69
2019,4,14,6,14,롯데,NC,창원,창원,NC,13,0,2,56
2019,4,14,6,14,KT,삼성,대구,대구,삼성,14,0,3,46
2019,4,14,6,14,KIA,SK,문학,인천,KIA,11,0,3,77
2019,4,13,5,17,두산,LG,잠실,서울,LG,16,0,4,18
2019,4,13,5,17,한화,키움,고척,서울,키움,16,0,4,18
2019,4,13,5,17,롯데,NC,창원,창원,NC,17,0,3,22
2019,4,13,5,17,KT,삼성,대구,대구,KT,19,0,2,21
2019,4,13,5,17,KIA,SK,문학,인천,KIA,15,0,2,24
2019,4,12,4,19,롯데,NC,창원,창원,NC,12,0,3,41
2019,4,12,4,18,두산,LG,잠실,서울,LG,14,0,4,29
2019,4,12,4,18,한화,키움,고척,서울,키움,14,0,4,29
2019,4,12,4,18,KT,삼성,대구,대구,삼성,16,0,2,29
2019,4,12,4,18,KIA,SK,문학,인천,0,10,0,3,67
2019,4,11,3,18,삼성,LG,잠실,서울,LG,12,0,3,36
2019,4,11,3,18,KT,키움,고척,서울,KT,12,0,3,36
2019,4,11,3,18,SK,한화,대전,대전,SK,14,0,1,39
2019,4,11,3,18,두산,롯데,사직,부산,두산,10,0,1,60
2019,4,11,3,18,NC,KIA,광주,광주,NC,12,0,1,54
2019,4,10,2,18,삼성,LG,잠실,서울,삼성,9,0,1,65
2019,4,10,2,18,KT,키움,고척,서울,키움,9,0,1,65
2019,4,10,2,18,SK,한화,대전,대전,SK,9,0,1,68
2019,4,10,2,18,두산,롯데,사직,부산,두산,10,0,3,65
2019,4,10,2,18,NC,KIA,광주,광주,KIA,8,0,1,87
2019,4,9,1,18,KT,키움,고척,서울,키움,7,1,4,83
2019,4,7,6,14,삼성,SK,문학,인천,SK,16,0,4,18
2019,4,7,6,14,NC,두산,잠실,서울,NC,18,0,2,21
2019,4,7,6,14,LG,KT,수원,수원,KT,20,0,2,14
2019,4,7,6,14,한화,롯데,사직,부산,한화,15,0,2,62
2019,4,6,5,17,키움,KIA,광주,광주,키움,20,0,4,24
2019,4,6,5,17,삼성,SK,문학,인천,SK,10,0,4,42
2019,4,6,5,17,NC,두산,잠실,서울,NC,10,0,0,48
2019,4,6,5,17,LG,KT,수원,수원,KT,12,0,2,32
2019,4,6,5,17,한화,롯데,사직,부산,롯데,16,0,3,47
2019,4,5,4,18,키움,KIA,광주,광주,KIA,16,0,1,34
2019,4,5,4,18,삼성,SK,문학,인천,SK,12,0,5,36
2019,4,5,4,18,NC,두산,잠실,서울,NC,15,0,2,15
2019,4,5,4,18,LG,KT,수원,수원,LG,12,0,3,27
2019,4,5,4,18,한화,롯데,사직,부산,롯데,17,0,6,58
2019,4,4,3,18,키움,NC,창원,창원,키움,13,0,3,38
2019,4,4,3,18,롯데,SK,문학,인천,SK,9,0,4,64
2019,4,4,3,18,LG,한화,대전,대전,한화,14,0,2,24
2019,4,4,3,18,KT,두산,잠실,서울,두산,12,0,4,26
2019,4,4,3,18,KIA,삼성,대구,대구,삼성,18,0,4,17
2019,4,3,2,18,키움,NC,창원,창원,NC,10,0,2,34
2019,4,3,2,18,롯데,SK,문학,인천,롯데,8,0,5,43
2019,4,3,2,18,LG,한화,대전,대전,LG,11,0,2,28
2019,4,3,2,18,KT,두산,잠실,서울,두산,10,0,3,25
2019,4,3,2,18,KIA,삼성,대구,대구,삼성,14,0,3,17
2019,4,2,1,18,키움,NC,창원,창원,키움,10,0,3,39
2019,4,2,1,18,롯데,SK,문학,인천,롯데,8,0,5,47
2019,4,2,1,18,LG,한화,대전,대전,한화,11,0,4,18
2019,4,2,1,18,KT,두산,잠실,서울,두산,9,0,3,22
2019,4,2,1,18,KIA,삼성,대구,대구,KIA,13,0,3,21
2018,4,29,6,14,삼성,LG,잠실,서울,삼성,21,0,3,28
2018,4,29,6,14,SK,키움,고척,서울,키움,21,0,3,28
2018,4,29,6,14,두산,NC,마산,창원,두산,22,0,3,49
2018,4,29,6,14,KIA,KT,수원,수원,KT,23,0,2,29
2018,4,29,6,14,한화,롯데,사직,부산,롯데,20,0,5,48
2018,4,28,5,17,삼성,LG,잠실,서울,LG,20,0,3,29
2018,4,28,5,17,SK,키움,고척,서울,SK,20,0,3,29
2018,4,28,5,17,두산,NC,마산,창원,NC,22,0,2,55
2018,4,28,5,17,KIA,KT,수원,수원,KT,19,0,2,35
2018,4,28,5,17,한화,롯데,사직,부산,한화,19,0,5,60
2018,4,27,4,18,삼성,LG,잠실,서울,LG,20,0,2,47
2018,4,27,4,18,SK,키움,고척,서울,SK,20,0,2,47
2018,4,27,4,18,두산,NC,마산,창원,두산,16,0,2,63
2018,4,27,4,18,KIA,KT,수원,수원,KIA,18,0,2,53
2018,4,27,4,18,한화,롯데,사직,부산,롯데,14,0,3,58
2018,4,26,3,18,키움,LG,잠실,서울,LG,17,0,3,45
2018,4,26,3,18,두산,SK,문학,인천,SK,14,0,3,52
2018,4,26,3,18,NC,삼성,대구,대구,NC,23,0,1,17
2018,4,26,3,18,롯데,KT,수원,수원,KT,16,0,3,49
2018,4,26,3,18,한화,KIA,광주,광주,한화,20,0,1,36
2018,4,25,2,18,키움,LG,잠실,서울,LG,21,0,3,32
2018,4,25,2,18,두산,SK,문학,인천,SK,17,0,4,39
2018,4,25,2,18,NC,삼성,대구,대구,NC,18,0,3,24
2018,4,25,2,18,롯데,KT,수원,수원,롯데,17,0,2,34
2018,4,25,2,18,한화,KIA,광주,광주,한화,19,0,2,47
2018,4,24,1,18,키움,LG,잠실,서울,LG,14,0,1,43
2018,4,24,1,18,두산,SK,문학,인천,두산,14,0,5,53
2018,4,24,1,18,NC,삼성,대구,대구,삼성,12,0,1,86
2018,4,24,1,18,롯데,KT,수원,수원,롯데,13,0,3,53
2018,4,22,6,14,키움,한화,대전,대전,키움,17,0,0,81
2018,4,22,6,14,SK,롯데,사직,부산,SK,16,0,3,68
2018,4,22,6,14,LG,NC,마산,창원,LG,19,0,2,84
2018,4,22,6,14,KT,삼성,대구,대구,KT,21,0,3,29
2018,4,22,6,14,KIA,두산,잠실,서울,KIA,20,0,1,32
2018,4,21,5,17,키움,한화,대전,대전,키움,27,0,3,16
2018,4,21,5,17,SK,롯데,사직,부산,롯데,21,0,5,35
2018,4,21,5,17,LG,NC,마산,창원,LG,23,0,2,30
2018,4,21,5,17,KT,삼성,대구,대구,삼성,29,0,2,12
2018,4,21,5,17,KIA,두산,잠실,서울,두산,23,0,3,12
2018,4,20,4,18,키움,한화,대전,대전,키움,27,0,1,29
2018,4,20,4,18,SK,롯데,사직,부산,롯데,20,0,2,37
2018,4,20,4,18,LG,NC,마산,창원,LG,21,0,2,38
2018,4,20,4,18,KT,삼성,대구,대구,KT,29,0,1,18
2018,4,20,4,18,KIA,두산,잠실,서울,두산,24,0,2,33
2018,4,19,3,18,삼성,롯데,사직,부산,삼성,18,0,4,41
2018,4,19,3,18,SK,KT,수원,수원,SK,18,0,3,39
2018,4,19,3,18,NC,키움,고척,서울,키움,19,0,3,31
2018,4,19,3,18,한화,두산,잠실,서울,두산,19,0,3,31
2018,4,19,3,18,LG,KIA,광주,광주,KIA,21,0,1,29
2018,4,18,2,18,삼성,롯데,사직,부산,롯데,16,0,4,42
2018,4,18,2,18,SK,KT,수원,수원,SK,15,0,3,37
2018,4,18,2,18,NC,키움,고척,서울,NC,16,0,3,33
2018,4,18,2,18,한화,두산,잠실,서울,두산,16,0,3,33
2018,4,18,2,18,LG,KIA,광주,광주,KIA,19,0,2,44
2018,4,17,1,18,삼성,롯데,사직,부산,삼성,14,0,2,74
2018,4,17,1,18,SK,KT,수원,수원,SK,16,0,3,35
2018,4,17,1,18,NC,키움,고척,서울,NC,17,0,3,31
2018,4,17,1,18,한화,두산,잠실,서울,한화,17,0,3,31
2018,4,17,1,18,LG,KIA,광주,광주,KIA,16,0,1,48
2018,4,15,6,14,삼성,한화,대전,대전,한화,15,0,2,48
2018,4,15,6,14,두산,키움,고척,서울,두산,13,0,3,50
2018,4,15,6,14,KT,LG,잠실,서울,LG,13,0,3,50
2018,4,15,6,14,NC,SK,문학,인천,SK,12,0,4,60
2018,4,14,5,17,삼성,한화,대전,대전,한화,9,0,2,96
2018,4,14,5,17,두산,키움,고척,서울,키움,9,0,2,81
2018,4,14,5,17,KT,LG,잠실,서울,LG,9,0,2,81
2018,4,14,5,17,NC,SK,문학,인천,SK,9,0,5,81
2018,4,13,4,18,삼성,한화,대전,대전,삼성,17,0,4,29
2018,4,13,4,18,두산,키움,고척,서울,두산,17,0,1,18
2018,4,13,4,18,KT,LG,잠실,서울,LG,17,0,1,18
2018,4,13,4,18,NC,SK,문학,인천,SK,17,0,2,16
2018,4,13,4,18,롯데,KIA,광주,광주,롯데,17,0,1,30
2018,4,12,3,18,SK,LG,잠실,서울,LG,17,0,3,16
2018,4,12,3,18,두산,삼성,대구,대구,두산,21,0,4,16
2018,4,12,3,18,KT,NC,마산,창원,KT,17,0,2,28
2018,4,12,3,18,KIA,한화,대전,대전,한화,19,0,2,20
2018,4,11,2,18,SK,LG,잠실,서울,LG,15,0,2,21
2018,4,11,2,18,두산,삼성,대구,대구,두산,21,0,4,21
2018,4,11,2,18,KT,NC,마산,창원,KT,21,0,1,47
2018,4,11,2,18,KIA,한화,대전,대전,한화,17,0,3,29
2018,4,10,1,18,SK,LG,잠실,서울,SK,19,0,7,52
2018,4,10,1,18,두산,삼성,대구,대구,두산,19,0,3,42
2018,4,10,1,18,KT,NC,마산,창원,KT,17,0,5,74
2018,4,10,1,18,KIA,한화,대전,대전,한화,21,0,2,53
2018,4,8,6,14,키움,KIA,광주,광주,KIA,13,0,6,48
2018,4,8,6,14,삼성,SK,문학,인천,삼성,7,0,2,36
2018,4,8,6,14,NC,두산,잠실,서울,두산,7,0,1,27
2018,4,8,6,14,LG,롯데,사직,부산,LG,10,0,6,43
2018,4,8,6,14,한화,KT,수원,수원,한화,9,0,3,30
2018,4,7,5,17,키움,KIA,광주,광주,KIA,7,0,4,39
2018,4,7,5,17,삼성,SK,문학,인천,SK,6,0,8,43
2018,4,7,5,17,NC,두산,잠실,서울,두산,7,0,5,36
2018,4,7,5,17,LG,롯데,사직,부산,롯데,9,0,6,28
2018,4,7,5,17,한화,KT,수원,수원,KT,7,0,6,43
2018,4,6,4,18,키움,KIA,광주,광주,KIA,8,0,4,58
2018,4,6,4,18,LG,롯데,사직,부산,LG,13,0,8,23
2018,4,5,3,18,삼성,NC,마산,창원,삼성,10,0,0,89
2018,4,5,3,18,KT,키움,고척,서울,키움,7,0,2,96
2018,4,4,2,18,삼성,NC,마산,창원,NC,10,0,3,93
2018,4,4,2,18,롯데,한화,대전,대전,한화,10,0,6,84
2018,4,4,2,18,LG,두산,잠실,서울,두산,16,0,2,47
2018,4,4,2,18,KT,키움,고척,서울,키움,16,0,2,47
2018,4,4,2,18,KIA,SK,문학,인천,KIA,15,0,3,49
2018,4,3,1,18,삼성,NC,마산,창원,NC,19,0,3,81
2018,4,3,1,18,롯데,한화,대전,대전,한화,23,0,2,52
2018,4,3,1,18,LG,두산,잠실,서울,두산,18,0,3,68
2018,4,3,1,18,KT,키움,고척,서울,KT,18,0,3,68
2018,4,3,1,18,KIA,SK,문학,인천,SK,14,0,3,93
2018,4,1,6,14,키움,삼성,대구,대구,삼성,23,0,3,35
2018,4,1,6,14,SK,한화,대전,대전,SK,20,0,2,70
2018,4,1,6,14,두산,KT,수원,수원,KT,17,0,1,65
2018,4,1,6,14,NC,롯데,사직,부산,롯데,18,0,4,71
2018,4,1,6,14,KIA,LG,잠실,서울,LG,17,0,2,67
2017,4,30,6,14,키움,한화,대전,대전,키움,27,0,3,44
2017,4,30,6,14,SK,삼성,대구,대구,SK,30,0,4,27
2017,4,30,6,14,NC,KIA,광주,광주,NC,27,0,4,39
2017,4,30,6,14,롯데,두산,잠실,서울,롯데,27,0,3,28
2017,4,30,6,14,LG,KT,수원,수원,LG,26,0,4,31
2017,4,29,5,17,키움,한화,대전,대전,키움,24,0,3,14
2017,4,29,5,17,SK,삼성,대구,대구,삼성,27,0,5,16
2017,4,29,5,17,NC,KIA,광주,광주,NC,25,0,3,16
2017,4,29,5,17,롯데,두산,잠실,서울,두산,22,0,5,18
2017,4,29,5,17,LG,KT,수원,수원,KT,23,0,3,23
2017,4,28,4,18,키움,한화,대전,대전,키움,19,0,4,35
2017,4,28,4,18,SK,삼성,대구,대구,SK,24,0,5,14
2017,4,28,4,18,NC,KIA,광주,광주,KIA,20,0,4,28
2017,4,28,4,18,롯데,두산,잠실,서울,두산,16,0,4,49
2017,4,28,4,18,LG,KT,수원,수원,LG,18,0,4,38
2017,4,27,3,18,삼성,KIA,광주,광주,KIA,16,0,2,24
2017,4,27,3,18,SK,LG,잠실,서울,LG,16,0,5,25
2017,4,27,3,18,두산,키움,고척,서울,키움,16,0,5,25
2017,4,27,3,18,KT,NC,마산,창원,NC,17,0,1,39
2017,4,27,3,18,한화,롯데,사직,부산,한화,16,0,4,46
2017,4,26,2,18,삼성,KIA,광주,광주,KIA,17,0,2,25
2017,4,26,2,18,SK,LG,잠실,서울,LG,17,0,4,25
2017,4,26,2,18,두산,키움,고척,서울,두산,17,0,4,25
2017,4,26,2,18,KT,NC,마산,창원,NC,15,0,3,85
2017,4,26,2,18,한화,롯데,사직,부산,롯데,14,0,1,83
2017,4,25,1,18,삼성,KIA,광주,광주,KIA,21,0,2,59
2017,4,25,1,18,SK,LG,잠실,서울,SK,17,0,3,53
2017,4,25,1,18,두산,키움,고척,서울,키움,17,0,3,53
2017,4,25,1,18,KT,NC,마산,창원,NC,19,0,2,83
2017,4,25,1,18,한화,롯데,사직,부산,롯데,18,0,5,78
2017,4,23,6,14,두산,SK,문학,인천,두산,18,0,2,30
2017,4,23,6,14,NC,삼성,대구,대구,NC,22,0,3,22
2017,4,23,6,14,롯데,키움,고척,서울,키움,21,0,6,19
2017,4,23,6,14,KIA,LG,잠실,서울,LG,21,0,6,19
2017,4,23,6,14,한화,KT,수원,수원,한화,21,0,3,23
2017,4,22,5,17,두산,SK,문학,인천,SK,17,0,5,38
2017,4,22,5,17,NC,삼성,대구,대구,NC,17,0,5,48
2017,4,22,5,17,롯데,키움,고척,서울,롯데,20,0,4,25
2017,4,22,5,17,KIA,LG,잠실,서울,KIA,20,0,4,25
2017,4,22,5,17,한화,KT,수원,수원,KT,19,0,4,26
2017,4,21,4,18,두산,SK,문학,인천,SK,12,0,3,72
2017,4,21,4,18,NC,삼성,대구,대구,0,19,0,1,29
2017,4,21,4,18,롯데,키움,고척,서울,키움,15,0,3,47
2017,4,21,4,18,KIA,LG,잠실,서울,LG,15,0,3,47
2017,4,21,4,18,한화,KT,수원,수원,한화,14,0,2,56
2017,4,20,3,18,키움,SK,문학,인천,키움,13,0,2,55
2017,4,20,3,18,삼성,두산,잠실,서울,두산,15,0,3,40
2017,4,20,3,18,NC,롯데,사직,부산,NC,15,0,2,54
2017,4,20,3,18,LG,한화,대전,대전,LG,11,0,0,76
2017,4,20,3,18,KIA,KT,수원,수원,KIA,15,0,2,43
2017,4,19,2,18,키움,SK,문학,인천,SK,13,0,2,55
2017,4,19,2,18,삼성,두산,잠실,서울,두산,16,0,3,28
2017,4,19,2,18,NC,롯데,사직,부산,NC,18,0,3,46
2017,4,19,2,18,LG,한화,대전,대전,한화,17,0,1,33
2017,4,19,2,18,KIA,KT,수원,수원,KT,14,0,3,35
2017,4,18,1,18,키움,SK,문학,인천,SK,10,0,3,95
2017,4,18,1,18,삼성,두산,잠실,서울,0,11,0,2,87
2017,4,18,1,18,NC,롯데,사직,부산,NC,15,0,6,86
2017,4,18,1,18,LG,한화,대전,대전,한화,14,0,1,74
2017,4,18,1,18,KIA,KT,수원,수원,KIA,10,0,2,99
2017,4,16,6,14,키움,KIA,광주,광주,KIA,28,0,1,22
2017,4,16,6,14,삼성,롯데,사직,부산,삼성,17,0,4,78
2017,4,16,6,14,SK,한화,대전,대전,SK,27,0,1,25
2017,4,16,6,14,두산,NC,마산,창원,NC,24,0,3,44
2017,4,16,6,14,KT,LG,잠실,서울,LG,23,0,3,40
2017,4,15,5,17,키움,KIA,광주,광주,KIA,25,0,0,33
2017,4,15,5,17,삼성,롯데,사직,부산,롯데,20,0,6,63
2017,4,15,5,17,SK,한화,대전,대전,SK,25,0,1,33
2017,4,15,5,17,두산,NC,마산,창원,두산,21,0,5,61
2017,4,15,5,17,KT,LG,잠실,서울,KT,22,0,3,41
2017,4,14,4,18,키움,KIA,광주,광주,KIA,18,0,3,52
2017,4,14,4,18,삼성,롯데,사직,부산,롯데,16,0,12,61
2017,4,14,4,18,SK,한화,대전,대전,SK,18,0,2,57
2017,4,14,4,18,두산,NC,마산,창원,두산,17,0,5,68
2017,4,14,4,18,KT,LG,잠실,서울,LG,13,0,2,71
2017,4,13,3,18,롯데,SK,문학,인천,SK,11,0,4,73
2017,4,13,3,18,LG,NC,마산,창원,NC,18,0,2,51
2017,4,13,3,18,KT,키움,고척,서울,KT,15,0,4,53
2017,4,13,3,18,KIA,두산,잠실,서울,KIA,15,0,4,53
2017,4,13,3,18,한화,삼성,대구,대구,삼성,22,0,5,23
2017,4,12,2,18,롯데,SK,문학,인천,SK,10,0,4,32
2017,4,12,2,18,LG,NC,마산,창원,NC,13,0,2,66
2017,4,12,2,18,KT,키움,고척,서울,키움,12,0,4,15
2017,4,12,2,18,KIA,두산,잠실,서울,KIA,12,0,4,15
2017,4,12,2,18,한화,삼성,대구,대구,한화,18,0,5,15
2017,4,11,1,18,롯데,SK,문학,인천,롯데,16,0,5,43
2017,4,11,1,18,LG,NC,마산,창원,NC,17,0,1,52
2017,4,11,1,18,KT,키움,고척,서울,키움,18,0,4,37
2017,4,11,1,18,KIA,두산,잠실,서울,두산,18,0,4,37
2017,4,11,1,18,한화,삼성,대구,대구,한화,18,0,4,42
2017,4,9,6,14,키움,두산,잠실,서울,키움,20,0,4,39
2017,4,9,6,14,삼성,KT,수원,수원,KT,17,0,5,52
2017,4,9,6,14,NC,SK,문학,인천,SK,18,0,5,45
2017,4,9,6,14,LG,롯데,사직,부산,롯데,17,0,4,52
2017,4,9,6,14,한화,KIA,광주,광주,KIA,22,0,1,46
2017,4,8,5,17,키움,두산,잠실,서울,키움,16,0,2,64
2017,4,8,5,17,삼성,KT,수원,수원,KT,13,0,3,69
2017,4,8,5,17,NC,SK,문학,인천,SK,10,0,2,86
2017,4,8,5,17,LG,롯데,사직,부산,롯데,19,0,2,60
2017,4,8,5,17,한화,KIA,광주,광주,한화,22,0,1,41
2017,4,7,4,18,키움,두산,잠실,서울,키움,19,0,3,55
2017,4,7,4,18,삼성,KT,수원,수원,KT,17,0,2,61
2017,4,7,4,18,NC,SK,문학,인천,NC,14,0,3,72
2017,4,7,4,18,LG,롯데,사직,부산,LG,16,0,3,60
2017,4,7,4,18,한화,KIA,광주,광주,KIA,21,0,3,61
2017,4,6,3,18,키움,롯데,사직,부산,롯데,14,0,3,97
2017,4,6,3,18,삼성,LG,잠실,서울,LG,10,0,0,84
2017,4,6,3,18,SK,KIA,광주,광주,KIA,15,0,2,97
2017,4,6,3,18,두산,KT,수원,수원,KT,10,0,2,89
2017,4,6,3,18,NC,한화,대전,대전,NC,15,0,2,80
2017,4,4,1,19,두산,KT,수원,수원,두산,15,0,2,36
2017,4,4,1,18,키움,롯데,사직,부산,롯데,16,0,4,42
2017,4,4,1,18,삼성,LG,잠실,서울,LG,17,0,4,25
2017,4,4,1,18,SK,KIA,광주,광주,KIA,18,0,1,35
2017,4,4,1,18,NC,한화,대전,대전,한화,20,0,1,24
2017,4,2,6,14,롯데,NC,마산,창원,롯데,15,0,3,19
2017,4,2,6,14,LG,키움,고척,서울,LG,15,0,5,29
2017,4,2,6,14,한화,두산,잠실,서울,두산,15,0,5,29
2017,4,2,6,14,KT,SK,문학,인천,KT,12,0,3,50
2017,4,2,6,14,KIA,삼성,대구,대구,삼성,13,0,3,25
2017,4,1,5,17,롯데,NC,마산,창원,롯데,9,0,2,78
2017,4,1,5,17,KT,SK,문학,인천,KT,11,0,4,55
2017,4,1,5,14,LG,키움,고척,서울,LG,13,0,4,34
2017,4,1,5,14,한화,두산,잠실,서울,한화,13,0,4,34
2017,4,1,5,14,KIA,삼성,대구,대구,KIA,10,0,2,71
